split,event,Model,POD,FAR,PSS,Bias
Dev,HotSpot>=1,Persistence,0.2916632360299194,0.7839259405234462,0.2643378108646216,1.3498299459753882
Dev,HotSpot>=1,DAP,0.06939280896314547,0.3102612527541706,0.06858674367553709,0.10060738104135131
Dev,HotSpot>=1,DLinear,0.06974326170163804,0.5344840898752831,0.0675265071994509,0.15558623776318262
Dev,HotSpot>=1,PatchTST,0.12175488153219627,0.8363937833563325,0.10566462337268993,0.7448440168639546
Dev,HotSpot>=1,iT90,0.12998524298408395,0.8382906647351888,0.11249942415602782,0.8071169351007974
Dev,HotSpot>=1,iT365,0.07657920126331878,0.8592140116024408,0.0645095927241241,0.543970207294906
Dev,HotSpot>=1,Dual Context,0.11749878080447902,0.8181923146873927,0.10373706483592526,0.6504160042898793
Dev,HotSpot>=1,ReefFormer,0.07079145317550294,0.4048891376159707,0.06954336175743371,0.11912331925188896
Dev,Upper decile,Persistence,0.604996391017733,0.3994321486059754,0.3381955144329666,1.0073739205544037
Dev,Upper decile,DAP,0.20312851775799223,0.15778325662214324,0.1778959483650126,0.24118318634145172
Dev,Upper decile,DLinear,0.37042733949026374,0.3206874053668125,0.25291040416070704,0.54766129284875
Dev,Upper decile,PatchTST,0.5447880364403904,0.4253444906748965,0.27741439240468896,0.9480293890456225
Dev,Upper decile,iT90,0.5151477949884798,0.43923502964191413,0.2475368862012877,0.9187469800183016
Dev,Upper decile,iT365,0.5430217345375271,0.452296858986126,0.24570836343804422,0.9914168871045032
Dev,Upper decile,Dual Context,0.5218284443786851,0.43411720209431454,0.2563608286530126,0.9221952076181182
Dev,Upper decile,ReefFormer,0.33134915953701055,0.2836587104189084,0.24419870964432988,0.4627856944341695
Test2026,HotSpot>=1,Persistence,0.08909757810670899,0.7232099563601099,0.08438141979683172,0.3218958924065451
Test2026,HotSpot>=1,DAP,0.020420904763143517,0.5567476002258611,0.019901278872704476,0.0460706017013085
Test2026,HotSpot>=1,DLinear,0.019813913963389784,0.5508437505881081,0.01926530285593842,0.04689437492954571
Test2026,HotSpot>=1,PatchTST,0.027123817451852623,0.6344920136004232,0.026105821496783577,0.07737398437432255
Test2026,HotSpot>=1,iT90,0.014125543039983349,0.48871434457422464,0.013832001842240404,0.028615280559818945
Test2026,HotSpot>=1,iT365,0.0,,0.0,0.0
Test2026,HotSpot>=1,Dual Context,0.012980931817590594,0.4694223826396577,0.012725686239900287,0.025580326561050266
Test2026,HotSpot>=1,ReefFormer,0.01874734441525108,0.5346909717652254,0.01831063381226546,0.04030418910364802
Test2026,Upper decile,Persistence,0.3312385240045174,0.6755831452219714,0.28151809585007925,1.0210274809277597
Test2026,Upper decile,DAP,0.07763342885459001,0.30782930337694364,0.07514477702938485,0.11215936940605241
Test2026,Upper decile,DLinear,0.09788752051914394,0.41564293115003165,0.09269867592587017,0.16987418339569105
Test2026,Upper decile,PatchTST,0.29303514311542705,0.5996759433112798,0.2612543467874529,0.733941288999178
Test2026,Upper decile,iT90,0.22898724419894032,0.5918274687884935,0.2055307501042737,0.5544074224882135
Test2026,Upper decile,iT365,0.07525179966657192,0.82609876250973,0.04956914172292339,0.4315563306520798
Test2026,Upper decile,Dual Context,0.19691719869189658,0.611010509303446,0.175214685434131,0.4980037849977848
Test2026,Upper decile,ReefFormer,0.08474758571944409,0.3057241961353398,0.08205773003060789,0.12206489811492771
