split,Contrast,Model_A,Model_B,Band,Metric,Delta_A_minus_B,CI95_low,CI95_high,CI_excludes_zero,Favours_A,Block_days,Replicates
Dev,ReefFormer - DLinear+LPF,ReefFormer,DLinear+LPF,Overall,RMSE,-0.025231236841297505,-0.04898478760969171,-0.002054973775792392,True,True,60,10000
Dev,ReefFormer - DLinear+LPF,ReefFormer,DLinear+LPF,Overall,MAE,-0.01988314181648887,-0.038967705042902936,-0.0016873321475084965,True,True,60,10000
Dev,ReefFormer - DLinear+LPF,ReefFormer,DLinear+LPF,D1-7,RMSE,-0.00782290987511595,-0.013753756235271922,-0.0013491495910913495,True,True,60,10000
Dev,ReefFormer - DLinear+LPF,ReefFormer,DLinear+LPF,D1-7,MAE,-0.004370462081549065,-0.00900383186309414,0.0011349248762008563,False,False,60,10000
Dev,ReefFormer - DLinear+LPF,ReefFormer,DLinear+LPF,D8-14,RMSE,-0.017637089781099752,-0.03192933775241666,-0.0028769987144611703,True,True,60,10000
Dev,ReefFormer - DLinear+LPF,ReefFormer,DLinear+LPF,D8-14,MAE,-0.013367664303760352,-0.02454951214485937,-0.0017967850465202542,True,True,60,10000
Dev,ReefFormer - DLinear+LPF,ReefFormer,DLinear+LPF,D15-30,RMSE,-0.03382200088375412,-0.0686257985244494,-0.0001258502807813737,True,True,60,10000
Dev,ReefFormer - DLinear+LPF,ReefFormer,DLinear+LPF,D15-30,MAE,-0.029520460612343664,-0.05983085054062148,-0.0008678380933562205,True,True,60,10000
Dev,ReefFormer - PatchTST+LPF,ReefFormer,PatchTST+LPF,Overall,RMSE,-0.003827316090254033,-0.016045859555576893,0.007693745061245695,False,False,60,10000
Dev,ReefFormer - PatchTST+LPF,ReefFormer,PatchTST+LPF,Overall,MAE,-0.0011373983094746058,-0.011191537696861589,0.007374145009382402,False,False,60,10000
Dev,ReefFormer - PatchTST+LPF,ReefFormer,PatchTST+LPF,D1-7,RMSE,0.00013481544862218678,-0.0036465872627544755,0.004106446304375196,False,False,60,10000
Dev,ReefFormer - PatchTST+LPF,ReefFormer,PatchTST+LPF,D1-7,MAE,0.0015684617121066724,-0.0021615252879822362,0.005539562961217675,False,False,60,10000
Dev,ReefFormer - PatchTST+LPF,ReefFormer,PatchTST+LPF,D8-14,RMSE,-0.001532886561038671,-0.011224904808293724,0.008832873741102483,False,False,60,10000
Dev,ReefFormer - PatchTST+LPF,ReefFormer,PatchTST+LPF,D8-14,MAE,-8.893090095403917e-05,-0.008521612350065483,0.008004146246616812,False,False,60,10000
Dev,ReefFormer - PatchTST+LPF,ReefFormer,PatchTST+LPF,D15-30,RMSE,-0.005978925884783844,-0.022981091024100432,0.00939729207348647,False,False,60,10000
Dev,ReefFormer - PatchTST+LPF,ReefFormer,PatchTST+LPF,D15-30,MAE,-0.002779916560144202,-0.01724079635354916,0.00927383470453161,False,False,60,10000
Dev,ReefFormer - iT90+LPF,ReefFormer,iT90+LPF,Overall,RMSE,-0.005698209436802289,-0.018740323537130146,0.007245836262648108,False,False,60,10000
Dev,ReefFormer - iT90+LPF,ReefFormer,iT90+LPF,Overall,MAE,-0.00453397906136795,-0.015818105242776177,0.006453740146829424,False,False,60,10000
Dev,ReefFormer - iT90+LPF,ReefFormer,iT90+LPF,D1-7,RMSE,-0.0014710180785665699,-0.004143103917334202,0.0011773383747428461,False,False,60,10000
Dev,ReefFormer - iT90+LPF,ReefFormer,iT90+LPF,D1-7,MAE,-0.0007714846847045043,-0.0026480957357347093,0.0010878538064013205,False,False,60,10000
Dev,ReefFormer - iT90+LPF,ReefFormer,iT90+LPF,D8-14,RMSE,-0.004386590040827014,-0.01130269419267028,0.003567305840164134,False,False,60,10000
Dev,ReefFormer - iT90+LPF,ReefFormer,iT90+LPF,D8-14,MAE,-0.0030773445928491774,-0.009600090852807589,0.004306703697447635,False,False,60,10000
Dev,ReefFormer - iT90+LPF,ReefFormer,iT90+LPF,D15-30,RMSE,-0.007577316574671237,-0.027327677551043903,0.011448564315224995,False,False,60,10000
Dev,ReefFormer - iT90+LPF,ReefFormer,iT90+LPF,D15-30,MAE,-0.006817347931135087,-0.02491433560560211,0.01072831261263052,False,False,60,10000
Dev,ReefFormer - iT365+LPF,ReefFormer,iT365+LPF,Overall,RMSE,-0.004776778076671502,-0.011585224721298058,0.0023907245725865037,False,False,60,10000
Dev,ReefFormer - iT365+LPF,ReefFormer,iT365+LPF,Overall,MAE,-0.003639342120764925,-0.009873970563422279,0.0030438579135039943,False,False,60,10000
Dev,ReefFormer - iT365+LPF,ReefFormer,iT365+LPF,D1-7,RMSE,-0.0031387471893781584,-0.0089470298493734,0.002742301039002083,False,False,60,10000
Dev,ReefFormer - iT365+LPF,ReefFormer,iT365+LPF,D1-7,MAE,-0.0028749783031192244,-0.007593315346400846,0.0020337776156963226,False,False,60,10000
Dev,ReefFormer - iT365+LPF,ReefFormer,iT365+LPF,D8-14,RMSE,-0.005839531904087147,-0.014706830888849803,0.002632988157454251,False,False,60,10000
Dev,ReefFormer - iT365+LPF,ReefFormer,iT365+LPF,D8-14,MAE,-0.004826485616638824,-0.013507323645728318,0.0035451944245392768,False,False,60,10000
Dev,ReefFormer - iT365+LPF,ReefFormer,iT365+LPF,D15-30,RMSE,-0.004912508609802376,-0.012383104987802627,0.003187597817298303,False,False,60,10000
Dev,ReefFormer - iT365+LPF,ReefFormer,iT365+LPF,D15-30,MAE,-0.0034543760115400466,-0.010331409179912768,0.004094970674649191,False,False,60,10000
Dev,ReefFormer - Avg CTX+LPF,ReefFormer,Avg CTX+LPF,Overall,RMSE,0.0004692191139414881,-0.0030488748634891027,0.0036667231941202743,False,False,60,10000
Dev,ReefFormer - Avg CTX+LPF,ReefFormer,Avg CTX+LPF,Overall,MAE,5.22020247428386e-05,-0.0028125615724059146,0.0026218127909384626,False,False,60,10000
Dev,ReefFormer - Avg CTX+LPF,ReefFormer,Avg CTX+LPF,D1-7,RMSE,-0.0005751000667179781,-0.003020919242648911,0.0018785848067469284,False,False,60,10000
Dev,ReefFormer - Avg CTX+LPF,ReefFormer,Avg CTX+LPF,D1-7,MAE,-0.0009682743243681716,-0.002859900071390893,0.0009088685924420152,False,False,60,10000
Dev,ReefFormer - Avg CTX+LPF,ReefFormer,Avg CTX+LPF,D8-14,RMSE,0.0002463127927392709,-0.0008566466069883131,0.0013000794374464816,False,False,60,10000
Dev,ReefFormer - Avg CTX+LPF,ReefFormer,Avg CTX+LPF,D8-14,MAE,0.00010440872630501641,-0.0009250529209197259,0.0010700131120014473,False,False,60,10000
Dev,ReefFormer - Avg CTX+LPF,ReefFormer,Avg CTX+LPF,D15-30,RMSE,0.0008769810990772638,-0.005619501730366967,0.006664313691634379,False,False,60,10000
Dev,ReefFormer - Avg CTX+LPF,ReefFormer,Avg CTX+LPF,D15-30,MAE,0.0004758199955456159,-0.005414965911869302,0.0057108904069046364,False,False,60,10000
Dev,ReefFormer - Fixed CTX+LPF,ReefFormer,Fixed CTX+LPF,Overall,RMSE,0.0003667079843867234,-0.00264447514405907,0.0030840642173740503,False,False,60,10000
Dev,ReefFormer - Fixed CTX+LPF,ReefFormer,Fixed CTX+LPF,Overall,MAE,-3.904171510475211e-05,-0.0024721809883673637,0.002124264056795729,False,False,60,10000
Dev,ReefFormer - Fixed CTX+LPF,ReefFormer,Fixed CTX+LPF,D1-7,RMSE,-0.0007197252242972333,-0.003388741360822787,0.0019744313380248833,False,False,60,10000
Dev,ReefFormer - Fixed CTX+LPF,ReefFormer,Fixed CTX+LPF,D1-7,MAE,-0.0010897788613241088,-0.003180084217425968,0.0010075228719180877,False,False,60,10000
Dev,ReefFormer - Fixed CTX+LPF,ReefFormer,Fixed CTX+LPF,D8-14,RMSE,2.3836256834997016e-06,-0.0013729685107474077,0.0013269163542011567,False,False,60,10000
Dev,ReefFormer - Fixed CTX+LPF,ReefFormer,Fixed CTX+LPF,D8-14,MAE,-8.889477506816383e-05,-0.0013869043661422376,0.001162042981351884,False,False,60,10000
Dev,ReefFormer - Fixed CTX+LPF,ReefFormer,Fixed CTX+LPF,D15-30,RMSE,0.0008427709189231525,-0.004917509880916975,0.005986914307551168,False,False,60,10000
Dev,ReefFormer - Fixed CTX+LPF,ReefFormer,Fixed CTX+LPF,D15-30,MAE,0.0004424665001003432,-0.004767242460101909,0.005066250709345039,False,False,60,10000
Dev,ReefFormer - DLinear,ReefFormer,DLinear,Overall,RMSE,-0.02626931408432957,-0.04978877846638616,-0.0031739831067961756,True,True,60,10000
Dev,ReefFormer - DLinear,ReefFormer,DLinear,Overall,MAE,-0.021280960391379982,-0.040062215874863756,-0.003312088111113676,True,True,60,10000
Dev,ReefFormer - DLinear,ReefFormer,DLinear,D1-7,RMSE,-0.013325550768385893,-0.019906767842229483,-0.00603200482937681,True,True,60,10000
Dev,ReefFormer - DLinear,ReefFormer,DLinear,D1-7,MAE,-0.010026264282589367,-0.014895055425683545,-0.004256578043815528,True,True,60,10000
Dev,ReefFormer - DLinear,ReefFormer,DLinear,D8-14,RMSE,-0.018323671312826344,-0.03211685710100273,-0.004002705250975024,True,True,60,10000
Dev,ReefFormer - DLinear,ReefFormer,DLinear,D8-14,MAE,-0.013900511455467965,-0.024722940201292395,-0.0027294123111247233,True,True,60,10000
Dev,ReefFormer - DLinear,ReefFormer,DLinear,D15-30,RMSE,-0.0337284840172033,-0.06840751261619533,-0.00013050889285686024,True,True,60,10000
Dev,ReefFormer - DLinear,ReefFormer,DLinear,D15-30,MAE,-0.029433836348437326,-0.059623541438273885,-0.0008683255413255104,True,True,60,10000
Dev,ReefFormer - PatchTST,ReefFormer,PatchTST,Overall,RMSE,-0.023210109940755858,-0.041610909176963286,-0.007137092444399942,True,True,60,10000
Dev,ReefFormer - PatchTST,ReefFormer,PatchTST,Overall,MAE,-0.01888458267723825,-0.03372200991410303,-0.006708768271910522,True,True,60,10000
Dev,ReefFormer - PatchTST,ReefFormer,PatchTST,D1-7,RMSE,-0.026043954226362964,-0.0368941231220501,-0.01678376904659308,True,True,60,10000
Dev,ReefFormer - PatchTST,ReefFormer,PatchTST,D1-7,MAE,-0.024379892320313252,-0.03447815349560707,-0.016174020253017403,True,True,60,10000
Dev,ReefFormer - PatchTST,ReefFormer,PatchTST,D8-14,RMSE,-0.018209061895423522,-0.03582911145044307,-0.0022272261756192276,True,True,60,10000
Dev,ReefFormer - PatchTST,ReefFormer,PatchTST,D8-14,MAE,-0.013574648449698393,-0.028310808882529934,-0.00112418063278918,True,True,60,10000
Dev,ReefFormer - PatchTST,ReefFormer,PatchTST,D15-30,RMSE,-0.024734131407176136,-0.048156163579451086,-0.004352124453738283,True,True,60,10000
Dev,ReefFormer - PatchTST,ReefFormer,PatchTST,D15-30,MAE,-0.018803480932941596,-0.038315401807516324,-0.003059192442634365,True,True,60,10000
Dev,ReefFormer - iTransformer,ReefFormer,iTransformer,Overall,RMSE,-0.03705426026459857,-0.05420019795970198,-0.019575562882280805,True,True,60,10000
Dev,ReefFormer - iTransformer,ReefFormer,iTransformer,Overall,MAE,-0.03597867975184976,-0.051414031761347706,-0.020719547560525253,True,True,60,10000
Dev,ReefFormer - iTransformer,ReefFormer,iTransformer,D1-7,RMSE,-0.1051227105179963,-0.12741312929372642,-0.08407216048313677,True,True,60,10000
Dev,ReefFormer - iTransformer,ReefFormer,iTransformer,D1-7,MAE,-0.09834177407055862,-0.11595921362677354,-0.08225101367662005,True,True,60,10000
Dev,ReefFormer - iTransformer,ReefFormer,iTransformer,D8-14,RMSE,-0.02823724539195127,-0.04854225454534905,-0.009003840699263098,True,True,60,10000
Dev,ReefFormer - iTransformer,ReefFormer,iTransformer,D8-14,MAE,-0.021369961235583324,-0.03944069885187963,-0.005041350174520612,True,True,60,10000
Dev,ReefFormer - iTransformer,ReefFormer,iTransformer,D15-30,RMSE,-0.019344595199604592,-0.037424037064090546,0.00019618720717104858,False,False,60,10000
Dev,ReefFormer - iTransformer,ReefFormer,iTransformer,D15-30,MAE,-0.015086140338281004,-0.031629861231733475,0.0023187060989571617,False,False,60,10000
Dev,PatchTST+LPF - PatchTST,PatchTST+LPF,PatchTST,Overall,RMSE,-0.019382793850501828,-0.034709162947522264,-0.004216441648898865,True,True,60,10000
Dev,PatchTST+LPF - PatchTST,PatchTST+LPF,PatchTST,Overall,MAE,-0.01774718436776364,-0.03081780319130782,-0.005103071358483504,True,True,60,10000
Dev,PatchTST+LPF - PatchTST,PatchTST+LPF,PatchTST,D1-7,RMSE,-0.026178769674985152,-0.0363268010915826,-0.017646918670476047,True,True,60,10000
Dev,PatchTST+LPF - PatchTST,PatchTST+LPF,PatchTST,D1-7,MAE,-0.025948354032419924,-0.03542140312970931,-0.018328962351645158,True,True,60,10000
Dev,PatchTST+LPF - PatchTST,PatchTST+LPF,PatchTST,D8-14,RMSE,-0.01667617533438485,-0.032117873358468316,-0.0015211087164931068,True,True,60,10000
Dev,PatchTST+LPF - PatchTST,PatchTST+LPF,PatchTST,D8-14,MAE,-0.013485717548744355,-0.026872530009478007,-0.0008491918594251348,True,True,60,10000
Dev,PatchTST+LPF - PatchTST,PatchTST+LPF,PatchTST,D15-30,RMSE,-0.018755205522392293,-0.03718401990725835,0.00020717726447457,False,False,60,10000
Dev,PatchTST+LPF - PatchTST,PatchTST+LPF,PatchTST,D15-30,MAE,-0.016023564372797394,-0.0322810580386466,0.0002526409986861387,False,False,60,10000
Dev,DLinear+LPF - DLinear,DLinear+LPF,DLinear,Overall,RMSE,-0.001038077243032065,-0.0016096252017984824,-0.0004953324073737036,True,True,60,10000
Dev,DLinear+LPF - DLinear,DLinear+LPF,DLinear,Overall,MAE,-0.0013978185748911114,-0.0020673225792032595,-0.0007738434238780135,True,True,60,10000
Dev,DLinear+LPF - DLinear,DLinear+LPF,DLinear,D1-7,RMSE,-0.005502640893269943,-0.007434113480735609,-0.0035150709428469025,True,True,60,10000
Dev,DLinear+LPF - DLinear,DLinear+LPF,DLinear,D1-7,MAE,-0.005655802201040301,-0.007393653074114528,-0.004061386782825186,True,True,60,10000
Dev,DLinear+LPF - DLinear,DLinear+LPF,DLinear,D8-14,RMSE,-0.0006865815317265896,-0.0018123565881048066,0.0004552648600445867,False,False,60,10000
Dev,DLinear+LPF - DLinear,DLinear+LPF,DLinear,D8-14,MAE,-0.0005328471517076124,-0.0016455008170088515,0.0005801734951345497,False,False,60,10000
Dev,DLinear+LPF - DLinear,DLinear+LPF,DLinear,D15-30,RMSE,9.351686655082829e-05,-3.482603308573491e-05,0.00023834709989575066,False,False,60,10000
Dev,DLinear+LPF - DLinear,DLinear+LPF,DLinear,D15-30,MAE,8.662426390633933e-05,-4.693973909550758e-05,0.00023323720908085331,False,False,60,10000
Test2026,ReefFormer - DLinear+LPF,ReefFormer,DLinear+LPF,Overall,RMSE,-0.001774309089161874,-0.048253491780784724,0.009006958434762064,False,False,60,10000
Test2026,ReefFormer - DLinear+LPF,ReefFormer,DLinear+LPF,Overall,MAE,-0.004408946038002903,-0.04787726784836303,0.011782729308454526,False,False,60,10000
Test2026,ReefFormer - DLinear+LPF,ReefFormer,DLinear+LPF,D1-7,RMSE,-0.0033668710711298364,-0.012811842108732534,-0.0010529875937647247,True,True,60,10000
Test2026,ReefFormer - DLinear+LPF,ReefFormer,DLinear+LPF,D1-7,MAE,-0.0003524844009087924,-0.0077137957715904945,0.0015817879183156714,False,False,60,10000
Test2026,ReefFormer - DLinear+LPF,ReefFormer,DLinear+LPF,D8-14,RMSE,-0.004019905462521363,-0.042458160068754906,0.009969284785060992,False,False,60,10000
Test2026,ReefFormer - DLinear+LPF,ReefFormer,DLinear+LPF,D8-14,MAE,-0.007210272607064712,-0.040519436352456306,0.0072379399104944035,False,False,60,10000
Test2026,ReefFormer - DLinear+LPF,ReefFormer,DLinear+LPF,D15-30,RMSE,-0.0005817520109032692,-0.06400865647875759,0.013540524758455188,False,False,60,10000
Test2026,ReefFormer - DLinear+LPF,ReefFormer,DLinear+LPF,D15-30,MAE,-0.0049580676302668865,-0.06936633162687192,0.020081739760247144,False,False,60,10000
Test2026,ReefFormer - PatchTST+LPF,ReefFormer,PatchTST+LPF,Overall,RMSE,-0.034582551509361736,-0.058097709205089686,-0.028066715184902863,True,True,60,10000
Test2026,ReefFormer - PatchTST+LPF,ReefFormer,PatchTST+LPF,Overall,MAE,-0.024045509157426204,-0.04952640703450612,-0.01754611682252479,True,True,60,10000
Test2026,ReefFormer - PatchTST+LPF,ReefFormer,PatchTST+LPF,D1-7,RMSE,-0.00594549616433504,-0.01924412524104075,0.0014550280643808836,False,False,60,10000
Test2026,ReefFormer - PatchTST+LPF,ReefFormer,PatchTST+LPF,D1-7,MAE,-0.0012941665061484235,-0.012289061062011494,0.0031729037171892584,False,False,60,10000
Test2026,ReefFormer - PatchTST+LPF,ReefFormer,PatchTST+LPF,D8-14,RMSE,-0.031207377727473135,-0.05649340784852168,-0.020692493432468442,True,True,60,10000
Test2026,ReefFormer - PatchTST+LPF,ReefFormer,PatchTST+LPF,D8-14,MAE,-0.024738650521678635,-0.052145962669653254,-0.016431846079628568,True,True,60,10000
Test2026,ReefFormer - PatchTST+LPF,ReefFormer,PatchTST+LPF,D15-30,RMSE,-0.04408604549758821,-0.07419907202733633,-0.035957753898144144,True,True,60,10000
Test2026,ReefFormer - PatchTST+LPF,ReefFormer,PatchTST+LPF,D15-30,MAE,-0.03369597222049958,-0.06796544147629868,-0.023789087334206795,True,True,60,10000
Test2026,ReefFormer - iT90+LPF,ReefFormer,iT90+LPF,Overall,RMSE,0.0160634982861451,-0.03745056447101303,0.0446892286281298,False,False,60,10000
Test2026,ReefFormer - iT90+LPF,ReefFormer,iT90+LPF,Overall,MAE,0.0030046599848621756,-0.030310435684476632,0.028747941945567644,False,False,60,10000
Test2026,ReefFormer - iT90+LPF,ReefFormer,iT90+LPF,D1-7,RMSE,0.004851252862892785,-0.004464776442829494,0.013422414803635542,False,False,60,10000
Test2026,ReefFormer - iT90+LPF,ReefFormer,iT90+LPF,D1-7,MAE,0.0022433844645512826,-0.003994158667097939,0.008364455255845633,False,False,60,10000
Test2026,ReefFormer - iT90+LPF,ReefFormer,iT90+LPF,D8-14,RMSE,0.01038149892796166,-0.021517758952059735,0.03226286987479426,False,False,60,10000
Test2026,ReefFormer - iT90+LPF,ReefFormer,iT90+LPF,D8-14,MAE,0.001049254015080862,-0.020128796130153264,0.018697891135441243,False,False,60,10000
Test2026,ReefFormer - iT90+LPF,ReefFormer,iT90+LPF,D15-30,RMSE,0.02152405623135767,-0.056603028269375535,0.06037208975924896,False,False,60,10000
Test2026,ReefFormer - iT90+LPF,ReefFormer,iT90+LPF,D15-30,MAE,0.004193208136777519,-0.049337679062600226,0.04431292815541839,False,False,60,10000
Test2026,ReefFormer - iT365+LPF,ReefFormer,iT365+LPF,Overall,RMSE,-0.02886359662665831,-0.05120120745411209,-0.0059319381745597125,True,True,60,10000
Test2026,ReefFormer - iT365+LPF,ReefFormer,iT365+LPF,Overall,MAE,-0.01758633182485758,-0.03607021780356852,-0.00036954335171862114,True,True,60,10000
Test2026,ReefFormer - iT365+LPF,ReefFormer,iT365+LPF,D1-7,RMSE,-0.021919324262322275,-0.04145902927601225,-0.006545190958610245,True,True,60,10000
Test2026,ReefFormer - iT365+LPF,ReefFormer,iT365+LPF,D1-7,MAE,-0.012455976934900082,-0.02618144867236183,-0.0002469776058757556,True,True,60,10000
Test2026,ReefFormer - iT365+LPF,ReefFormer,iT365+LPF,D8-14,RMSE,-0.036869403203992235,-0.06582323927798724,-0.011538976184683481,True,True,60,10000
Test2026,ReefFormer - iT365+LPF,ReefFormer,iT365+LPF,D8-14,MAE,-0.021317506675666675,-0.043148603813548556,-0.0021194271305837796,True,True,60,10000
Test2026,ReefFormer - iT365+LPF,ReefFormer,iT365+LPF,D15-30,RMSE,-0.02850296987819852,-0.05120022696665247,8.338836811099638e-05,False,False,60,10000
Test2026,ReefFormer - iT365+LPF,ReefFormer,iT365+LPF,D15-30,MAE,-0.018198473091985006,-0.04099676753258033,0.006125350462955379,False,False,60,10000
Test2026,ReefFormer - Avg CTX+LPF,ReefFormer,Avg CTX+LPF,Overall,RMSE,0.004908107014337563,-0.009021510162945083,0.01273157662237622,False,False,60,10000
Test2026,ReefFormer - Avg CTX+LPF,ReefFormer,Avg CTX+LPF,Overall,MAE,0.0007267362308180184,-0.008822176416137096,0.007813968992231484,False,False,60,10000
Test2026,ReefFormer - Avg CTX+LPF,ReefFormer,Avg CTX+LPF,D1-7,RMSE,-0.008246295629002994,-0.01695127226408392,0.0007164777527427678,False,False,60,10000
Test2026,ReefFormer - Avg CTX+LPF,ReefFormer,Avg CTX+LPF,D1-7,MAE,-0.00539342727445552,-0.012249591973775105,0.0014728009281335032,False,False,60,10000
Test2026,ReefFormer - Avg CTX+LPF,ReefFormer,Avg CTX+LPF,D8-14,RMSE,-0.0027716813450760305,-0.006049367027124972,0.00030496152671727437,False,False,60,10000
Test2026,ReefFormer - Avg CTX+LPF,ReefFormer,Avg CTX+LPF,D8-14,MAE,-0.0016140204624535877,-0.0044372296812707004,0.000853439827981932,False,False,60,10000
Test2026,ReefFormer - Avg CTX+LPF,ReefFormer,Avg CTX+LPF,D15-30,RMSE,0.011298991699972985,-0.015511690324153813,0.025928484252495106,False,False,60,10000
Test2026,ReefFormer - Avg CTX+LPF,ReefFormer,Avg CTX+LPF,D15-30,MAE,0.004428388817681594,-0.015606634755904299,0.020098188127190948,False,False,60,10000
Test2026,ReefFormer - Fixed CTX+LPF,ReefFormer,Fixed CTX+LPF,Overall,RMSE,0.0041088247174664305,-0.00825869530189147,0.01091145555525545,False,False,60,10000
Test2026,ReefFormer - Fixed CTX+LPF,ReefFormer,Fixed CTX+LPF,Overall,MAE,0.0004679808876866994,-0.008010138814367731,0.006665346637857132,False,False,60,10000
Test2026,ReefFormer - Fixed CTX+LPF,ReefFormer,Fixed CTX+LPF,D1-7,RMSE,-0.008888071378097625,-0.018235966580146146,0.0004998477199909607,False,False,60,10000
Test2026,ReefFormer - Fixed CTX+LPF,ReefFormer,Fixed CTX+LPF,D1-7,MAE,-0.005673445978114903,-0.01289871469032145,0.0014465557051125705,False,False,60,10000
Test2026,ReefFormer - Fixed CTX+LPF,ReefFormer,Fixed CTX+LPF,D8-14,RMSE,-0.003686076914738471,-0.008105169986110952,0.0007691121942797696,False,False,60,10000
Test2026,ReefFormer - Fixed CTX+LPF,ReefFormer,Fixed CTX+LPF,D8-14,MAE,-0.0018130516548833613,-0.005393100183419842,0.0015231635861142428,False,False,60,10000
Test2026,ReefFormer - Fixed CTX+LPF,ReefFormer,Fixed CTX+LPF,D15-30,RMSE,0.010480067629282589,-0.01378110543419099,0.02374853107096726,False,False,60,10000
Test2026,ReefFormer - Fixed CTX+LPF,ReefFormer,Fixed CTX+LPF,D15-30,MAE,0.0041528068788493355,-0.01410048571622428,0.018453468334549365,False,False,60,10000
Test2026,ReefFormer - DLinear,ReefFormer,DLinear,Overall,RMSE,-0.0025288004940137165,-0.04900910415284702,0.008197925146459461,False,False,60,10000
Test2026,ReefFormer - DLinear,ReefFormer,DLinear,Overall,MAE,-0.005802692915030623,-0.04940425526833143,0.011003561890483434,False,False,60,10000
Test2026,ReefFormer - DLinear,ReefFormer,DLinear,D1-7,RMSE,-0.009056254757262941,-0.01808027387049462,-0.006051325196540155,True,True,60,10000
Test2026,ReefFormer - DLinear,ReefFormer,DLinear,D1-7,MAE,-0.005933116559142508,-0.013644337095475289,-0.0025986562382939583,True,True,60,10000
Test2026,ReefFormer - DLinear,ReefFormer,DLinear,D8-14,RMSE,-0.00404820686638833,-0.042563887695518235,0.010429360270900178,False,False,60,10000
Test2026,ReefFormer - DLinear,ReefFormer,DLinear,D8-14,MAE,-0.007914440702874318,-0.041367763710869254,0.006911187961711542,False,False,60,10000
Test2026,ReefFormer - DLinear,ReefFormer,DLinear,D15-30,RMSE,-0.0003736728115240062,-0.06374007689156769,0.013778783679899362,False,False,60,10000
Test2026,ReefFormer - DLinear,ReefFormer,DLinear,D15-30,MAE,-0.004821742913549865,-0.06915008968945621,0.020194856481162295,False,False,60,10000
Test2026,ReefFormer - PatchTST,ReefFormer,PatchTST,Overall,RMSE,-0.05562154948989739,-0.07765112931965203,-0.03740970763638447,True,True,60,10000
Test2026,ReefFormer - PatchTST,ReefFormer,PatchTST,Overall,MAE,-0.04655137978496696,-0.06712569333918422,-0.0359216770428402,True,True,60,10000
Test2026,ReefFormer - PatchTST,ReefFormer,PatchTST,D1-7,RMSE,-0.0441427437649882,-0.05953450763768926,-0.029503508436153677,True,True,60,10000
Test2026,ReefFormer - PatchTST,ReefFormer,PatchTST,D1-7,MAE,-0.03431434323080812,-0.045714602678281396,-0.026903443221874,True,True,60,10000
Test2026,ReefFormer - PatchTST,ReefFormer,PatchTST,D8-14,RMSE,-0.0570555497535945,-0.08189105075906576,-0.03558390321144934,True,True,60,10000
Test2026,ReefFormer - PatchTST,ReefFormer,PatchTST,D8-14,MAE,-0.049347716573317525,-0.07130417725595775,-0.040644777545964586,True,True,60,10000
Test2026,ReefFormer - PatchTST,ReefFormer,PatchTST,D15-30,RMSE,-0.05969766860448189,-0.09166225313448707,-0.03653624275410135,True,True,60,10000
Test2026,ReefFormer - PatchTST,ReefFormer,PatchTST,D15-30,MAE,-0.05068168593250807,-0.07991960004219477,-0.03230566375252501,True,True,60,10000
Test2026,ReefFormer - iTransformer,ReefFormer,iTransformer,Overall,RMSE,-0.0640062220388375,-0.09375844571634129,-0.014473773411354961,True,True,60,10000
Test2026,ReefFormer - iTransformer,ReefFormer,iTransformer,Overall,MAE,-0.052660554807327085,-0.081407432955626,-0.011860751747539996,True,True,60,10000
Test2026,ReefFormer - iTransformer,ReefFormer,iTransformer,D1-7,RMSE,-0.19019777535184904,-0.2892658716689069,-0.0775236750363462,True,True,60,10000
Test2026,ReefFormer - iTransformer,ReefFormer,iTransformer,D1-7,MAE,-0.14681428335511224,-0.21756616797808911,-0.06688456738179398,True,True,60,10000
Test2026,ReefFormer - iTransformer,ReefFormer,iTransformer,D8-14,RMSE,-0.06323340636191661,-0.10414119083920712,0.0009465063617453918,False,False,60,10000
Test2026,ReefFormer - iTransformer,ReefFormer,iTransformer,D8-14,MAE,-0.03526280735191475,-0.0645922793126532,0.009898502184749492,False,False,60,10000
Test2026,ReefFormer - iTransformer,ReefFormer,iTransformer,D15-30,RMSE,-0.02927680717991647,-0.04206133324520471,0.005691538483054137,False,False,60,10000
Test2026,ReefFormer - iTransformer,ReefFormer,iTransformer,D15-30,MAE,-0.019079813079413938,-0.03322039691250804,0.0063538959450567005,False,False,60,10000
Test2026,PatchTST+LPF - PatchTST,PatchTST+LPF,PatchTST,Overall,RMSE,-0.021038997980535656,-0.04013533234946009,0.004220714617901557,False,False,60,10000
Test2026,PatchTST+LPF - PatchTST,PatchTST+LPF,PatchTST,Overall,MAE,-0.022505870627540763,-0.040809818774134095,-0.002612134687208051,True,True,60,10000
Test2026,PatchTST+LPF - PatchTST,PatchTST+LPF,PatchTST,D1-7,RMSE,-0.03819724760065316,-0.04850057261174087,-0.0237893709590365,True,True,60,10000
Test2026,PatchTST+LPF - PatchTST,PatchTST+LPF,PatchTST,D1-7,MAE,-0.0330201767246597,-0.04047257678141843,-0.02416041259519001,True,True,60,10000
Test2026,PatchTST+LPF - PatchTST,PatchTST+LPF,PatchTST,D8-14,RMSE,-0.025848172026121368,-0.04672867678449858,0.0018598690030498873,False,False,60,10000
Test2026,PatchTST+LPF - PatchTST,PatchTST+LPF,PatchTST,D8-14,MAE,-0.02460906605163889,-0.04537863115841206,-0.001216289122440781,True,True,60,10000
Test2026,PatchTST+LPF - PatchTST,PatchTST+LPF,PatchTST,D15-30,RMSE,-0.01561162310689368,-0.04095594105752011,0.016737157418571742,False,False,60,10000
Test2026,PatchTST+LPF - PatchTST,PatchTST+LPF,PatchTST,D15-30,MAE,-0.016985713712008483,-0.04401761880765673,0.012274267449309406,False,False,60,10000
Test2026,DLinear+LPF - DLinear,DLinear+LPF,DLinear,Overall,RMSE,-0.0007544914048518425,-0.0018626345669074489,0.0004726385733263896,False,False,60,10000
Test2026,DLinear+LPF - DLinear,DLinear+LPF,DLinear,Overall,MAE,-0.0013937468770277202,-0.0025619120084645957,0.00022560875142425515,False,False,60,10000
Test2026,DLinear+LPF - DLinear,DLinear+LPF,DLinear,D1-7,RMSE,-0.005689383686133105,-0.00918193143248172,-0.00171381649393301,True,True,60,10000
Test2026,DLinear+LPF - DLinear,DLinear+LPF,DLinear,D1-7,MAE,-0.0055806321582337155,-0.00849131584608122,-0.0018198398990732082,True,True,60,10000
Test2026,DLinear+LPF - DLinear,DLinear+LPF,DLinear,D8-14,RMSE,-2.830140386696674e-05,-0.0021719868242671527,0.002599351993286972,False,False,60,10000
Test2026,DLinear+LPF - DLinear,DLinear+LPF,DLinear,D8-14,MAE,-0.000704168095809606,-0.002911744889446162,0.002179366477849746,False,False,60,10000
Test2026,DLinear+LPF - DLinear,DLinear+LPF,DLinear,D15-30,RMSE,0.000208079199379263,-5.408464262946863e-06,0.000541999143607704,False,False,60,10000
Test2026,DLinear+LPF - DLinear,DLinear+LPF,DLinear,D15-30,MAE,0.00013632471671702154,-5.6751367581256766e-05,0.00042683823572890083,False,False,60,10000
