split,Model,RMSE,MAE,MSSS,ACC,D1_7,D8_14,D15_30,ACC_D1_7,ACC_D15_30,RMSE_SD
Dev,Climatology,1.0089890094957406,0.813514270598881,0.0,,1.0121700282640669,1.0109074351058753,1.0067525322546043,,,0.0
Dev,Persistence,0.9236600817923569,0.6923852088341889,0.16198560548659957,0.42110092439417884,0.5993952488313977,0.896789575339507,1.0443267853498084,0.7565240837468895,0.25948985880178227,0.0
Dev,DAP,0.8326129635367185,0.6407072495223293,0.31905275750608564,0.40617921160035414,0.5711667828402985,0.8192517816628964,0.9292300435856876,0.7544324872837497,0.2363819998614446,0.0
Dev,DLinear,0.7865155995425853,0.6021035187410565,0.3923472088299513,0.426760073507936,0.5738663028417407,0.7866720149545765,0.8631580155612739,0.7459269151598379,0.27805891599552657,0.005407772765840879
Dev,PatchTST,0.7834563953990118,0.5997071410269147,0.39705654571162685,0.4245319180271685,0.5865847062997179,0.7865574055371738,0.8541636629512469,0.728681890262776,0.28139405251055294,0.0064782962606465
Dev,iTransformer,0.7973005457228544,0.6168012381015263,0.37552820902273076,0.39670856314790726,0.6656634625913512,0.7965855890337014,0.8487741267436753,0.6363814041822007,0.28210855786431804,0.00955420616510876
Dev,DLinear+LPF,0.7854775222995533,0.6007057001661654,0.39394737948245134,0.4286127179457729,0.5683636619484709,0.7859854334228501,0.8632515324278248,0.7516282376701627,0.2780936805936687,0.005780801221585879
Dev,PatchTST+LPF,0.7640736015485098,0.5819599566591512,0.426533069113536,0.4363522858170002,0.5604059366247326,0.769881230202789,0.8354084574288545,0.7543099058983764,0.2849363957891011,0.004679602523911854
Dev,iT90+LPF,0.765944494895058,0.5853565374110444,0.4237334818869885,0.4511958079856533,0.5620117701519215,0.7727349336825773,0.837006848118742,0.7524043689876189,0.3116051130081811,0.001834222611202154
Dev,iT365+LPF,0.7650230635349273,0.5844619004704414,0.42511285245896224,0.4341916620279684,0.5636794992627331,0.7741878755458375,0.834342040153873,0.7520943673264253,0.2859082984094365,0.0036008449262948145
Dev,Avg CTX+LPF,0.7597770663443143,0.5807703563249337,0.4329777434514685,0.4504122563242432,0.5611158521400728,0.7681020308490109,0.8285525504449934,0.7525877268443443,0.3109814156697596,0.0011087833625214253
Dev,Fixed CTX+LPF,0.759879577473869,0.5808616000647812,0.43282448300513215,0.44980653871864823,0.561260477297652,0.7683459600160667,0.8285867606251477,0.7524707528919631,0.31026432929764886,0.0012645338766148883
Dev,ReefFormer,0.7602462854582557,0.5808225583496766,0.4322757478874397,0.446450583862161,0.5605407520733549,0.7683483436417502,0.8294295315440706,0.7530994950049111,0.30365181522364976,0.0018446001685912265
Test2026,Climatology,1.313451925042319,0.997675740970799,0.0,,1.3109224049199848,1.310529607588583,1.3158324587810568,,,0.0
Test2026,Persistence,1.0506471219713038,0.8030598312705666,0.36013937238916005,0.4778607108714653,0.6298818778327604,1.0035202893702038,1.206470891401836,0.8068456351701692,0.3212300596068046,0.0
Test2026,DAP,1.008202901301756,0.7526241644950704,0.4107935084614901,0.49486341685222696,0.6214815395887063,0.9585188846909096,1.155400591009666,0.8101700808816584,0.3433420898847633,0.0
Test2026,DLinear,0.9415470705966639,0.7048445917896066,0.48611810564734476,0.47928735439801134,0.623146348213638,0.9100202882904398,1.063007468037456,0.7982937719475044,0.33067759464582647,0.004825917488226577
Test2026,PatchTST,0.9946398195925475,0.7455932786595428,0.4264569717644964,0.3289195545321881,0.6582328372213633,0.963027631177646,1.1223314638304138,0.7573959500321035,0.11529844580665978,0.014635696713832804
Test2026,iTransformer,1.0030244921414877,0.751702453681903,0.41681963472354316,0.3392408934828275,0.8042878688082241,0.9692054877859682,1.0919106024058483,0.6574325806068898,0.17544740107456466,0.005331612025546891
Test2026,DLinear+LPF,0.9407925791918119,0.7034508449125788,0.4869404062919214,0.4814915218866276,0.6174569645275051,0.9099919868865728,1.0632155472368352,0.8039089822228629,0.33089577759258315,0.005070288320943104
Test2026,PatchTST+LPF,0.9736008216120119,0.723087408032002,0.4504986963937852,0.37616099463186164,0.6200355896207101,0.9371794591515247,1.1067198407235204,0.79801055068575,0.15707864734127916,0.010739327444180035
Test2026,iT90+LPF,0.9229547718165051,0.6960372388897137,0.5062001110303036,0.46324335716340004,0.6092388405934823,0.8955905824960899,1.0411097389945743,0.8026630935560578,0.2965601811283476,0.007380079976833811
Test2026,iT365+LPF,0.9678818667293084,0.7166282306994335,0.4569613517242542,0.4187454879908818,0.6360094177186975,0.9428414846280438,1.0911367651041306,0.8036184812164467,0.21715059194129704,0.0068248420406296735
Test2026,Avg CTX+LPF,0.9341101630883125,0.6983151626437577,0.4942107650336274,0.44834363254188747,0.6223363890853781,0.9087437627691276,1.0513348035259589,0.802573675558444,0.2710123024340121,0.002296557119568832
Test2026,Fixed CTX+LPF,0.9349094453851836,0.6985739179868892,0.4933406400374524,0.44767122410426774,0.6229781648344727,0.9096581583387899,1.0521537275966493,0.8027456630548255,0.26953784458218505,0.004014315648315573
Test2026,ReefFormer,0.93901827010265,0.6990418988745759,0.48887351844476884,0.4375565810514754,0.6140900934563751,0.9059720814240516,1.062633795225932,0.8029940817110729,0.2508277487211725,0.0051357678459691344
