seed,base,a_out,tau_out_d,w_D1,w_D30,q_fixed
42,DLinear,0.0,4.105021138387243,0.7837978745878057,0.0006700735021403077,
42,PatchTST,0.2008578999367942,7.063416004481934,0.8945056168925583,0.2122885920952046,
42,iT90,0.3510420165416941,5.156277893311741,0.8855943460657344,0.3529714330500467,
42,iT365,0.058133244276583944,12.672238395991835,0.9285317501042959,0.1464106426643585,
42,Avg CTX,0.20437873104127252,6.722620833286296,0.8900318003082521,0.21355460808839535,
42,Fixed CTX,0.19016722210137696,7.093599678031602,0.8935179217999526,0.20196207534144908,0.4482133615067275
43,DLinear,0.0,3.688890044213815,0.7625522468046939,0.00029382459819274836,
43,PatchTST,0.21923139078180215,7.695292327089186,0.9048553079530135,0.23505956378820705,
43,iT90,0.35192547668492463,4.285330959822267,0.8651182185223087,0.3525160742336833,
43,iT365,0.016447198777824797,14.029028328997843,0.9323319591327435,0.1323495571707764,
43,Avg CTX,0.20034136816896772,6.764764176800162,0.8901126819164247,0.2098237974227386,
43,Fixed CTX,0.1877210887917827,7.139427911137311,0.8938349653079415,0.19987713177632205,0.45882105721726557
44,DLinear,0.0,3.4917676033639196,0.750971255801457,0.00018565191255151791,
44,PatchTST,0.2082395351751497,8.154461143843054,0.9086220549154946,0.22823071364103292,
44,iT90,0.3368145810421936,5.135245966405347,0.8826524446167527,0.3387398688008193,
44,iT365,0.08167294444776335,12.783318462921068,0.9309000497483261,0.16953298764772481,
44,Avg CTX,0.20053625545673787,7.285982459621985,0.8974706867179459,0.2135557222401736,
44,Fixed CTX,0.20568746516827965,7.145967440274619,0.896271688476451,0.21762043404675438,0.5200697969815554
