split,Model,target_year,Bias
Dev,Climatology,2022,-0.5623071789741516
Dev,Climatology,2023,-0.7225847840309143
Dev,Climatology,2024,-0.8277315497398376
Dev,Climatology,2025,0.013464164920151234
Dev,DAP,2022,-0.3221702508654781
Dev,DAP,2023,-0.4439895786157063
Dev,DAP,2024,-0.46577298651304333
Dev,DAP,2025,-0.007331141203646964
Dev,DLinear,2022,-0.18266133964061737
Dev,DLinear,2023,-0.2862968146800995
Dev,DLinear,2024,-0.23061853647232056
Dev,DLinear,2025,0.0007800555904395878
Dev,PatchTST,2022,0.054856542497873306
Dev,PatchTST,2023,-0.05346657708287239
Dev,PatchTST,2024,0.0790165364742279
Dev,PatchTST,2025,0.11195393651723862
Dev,iTransformer,2022,0.07427898049354553
Dev,iTransformer,2023,-0.10640495270490646
Dev,iTransformer,2024,0.04642072319984436
Dev,iTransformer,2025,0.16669721901416779
Dev,PatchTST+LPF,2022,-0.06647554039955139
Dev,PatchTST+LPF,2023,-0.1812707632780075
Dev,PatchTST+LPF,2024,-0.09700297564268112
Dev,PatchTST+LPF,2025,0.0770721510052681
Dev,ReefFormer,2022,-0.0495806522667408
Dev,ReefFormer,2023,-0.18388302624225616
Dev,ReefFormer,2024,-0.07076895236968994
Dev,ReefFormer,2025,0.07357156276702881
Test2026,Climatology,2026,-0.8057183027267456
Test2026,DAP,2026,-0.45057551727547535
Test2026,DLinear,2026,-0.27827373147010803
Test2026,PatchTST,2026,-0.1397363692522049
Test2026,iTransformer,2026,-0.26124992966651917
Test2026,PatchTST+LPF,2026,-0.24124455451965332
Test2026,ReefFormer,2026,-0.2266392707824707
