split,Model,warm_RMSE,share_of_targets
Dev,Climatology,0.9107831377051656,0.4273743016759777
Dev,Persistence,0.8107049566482204,0.4273743016759777
Dev,DAP,0.7397425898895676,0.4273743016759777
Dev,DLinear,0.6892427727075109,0.4273743016759777
Dev,PatchTST,0.6799106651243596,0.4273743016759777
Dev,iTransformer,0.685116295607031,0.4273743016759777
Dev,DLinear+LPF,0.6880921979019811,0.4273743016759777
Dev,PatchTST+LPF,0.6561048651797871,0.4273743016759777
Dev,iT90+LPF,0.6731601803426163,0.4273743016759777
Dev,iT365+LPF,0.6518629810554405,0.4273743016759777
Dev,Avg CTX+LPF,0.656951919435259,0.4273743016759777
Dev,Fixed CTX+LPF,0.6564140953146077,0.4273743016759777
Dev,ReefFormer,0.6529329592138642,0.4273743016759777
Test2026,Climatology,0.9018222560266794,0.5226244343891403
Test2026,Persistence,0.9756258109275214,0.5226244343891403
Test2026,DAP,0.7575822273978134,0.5226244343891403
Test2026,DLinear,0.7081347616697191,0.5226244343891403
Test2026,PatchTST,0.7718798462345546,0.5226244343891403
Test2026,iTransformer,0.7063457200094221,0.5226244343891403
Test2026,DLinear+LPF,0.7072410516512085,0.5226244343891403
Test2026,PatchTST+LPF,0.7344510396420042,0.5226244343891403
Test2026,iT90+LPF,0.7230182754466269,0.5226244343891403
Test2026,iT365+LPF,0.6937622041775509,0.5226244343891403
Test2026,Avg CTX+LPF,0.6981771612237813,0.5226244343891403
Test2026,Fixed CTX+LPF,0.6971531518958379,0.5226244343891403
Test2026,ReefFormer,0.6917717495127546,0.5226244343891403
