domain,split,backbone,RMSE_before,RMSE_after,delta,lo,hi
Hainan,Dev,DLinear,0.7865155995425853,0.7854775222995533,-0.001038077243032065,-0.0016096252017984824,-0.0004953324073737036
Hainan,Dev,PatchTST,0.7834563953990118,0.7640736015485098,-0.019382793850501828,-0.034709162947522264,-0.004216441648898865
Hainan,Dev,iT90,0.7910529714279741,0.765944494895058,-0.025108476532916108,-0.04433440636651208,-0.004739353341817361
Hainan,Dev,iT365,0.7973005457228544,0.7650230635349273,-0.032277482187927066,-0.04797362866084281,-0.01530336871719653
Hainan,Dev,Dual Context,0.7771453475877578,0.7602462854582557,-0.016899062129502096,-0.02864102404862282,-0.0038276493798921362
Hainan,Test2026,DLinear,0.9415470705966639,0.9407925791918119,-0.0007544914048518425,-0.0018626345669074489,0.0004726385733263896
Hainan,Test2026,PatchTST,0.9946398195925475,0.9736008216120119,-0.021038997980535656,-0.04013533234946009,0.004220714617901557
Hainan,Test2026,iT90,0.9575572891985655,0.9229547718165051,-0.034602517382060584,-0.11974054032084415,0.03231720091645456
Hainan,Test2026,iT365,1.0030244921414877,0.9678818667293084,-0.0351426254121792,-0.050098954741851616,-5.508009565494544e-05
Hainan,Test2026,Dual Context,0.9476560841289223,0.93901827010265,-0.008637814026272209,-0.024466425621203908,0.012425281824945173
GBR,Dev,DLinear,0.539661685696838,0.5430169996271758,0.003355313930337722,-0.003575865249657862,0.010895563435572464
GBR,Dev,PatchTST,0.5547705544300073,0.543124936829433,-0.011645617600574365,-0.040874045322172585,0.02157265078123793
GBR,Dev,iT90,0.5647535319936083,0.5469681782522307,-0.017785353741377723,-0.049147797084470785,0.015229598532638937
GBR,Dev,iT365,0.5570394271733704,0.5415911025767711,-0.015448324596599283,-0.05631318088459627,0.026574678627075705
GBR,Dev,Dual Context,0.554434440552673,0.5395180242701404,-0.014916416282532633,-0.04500652906629698,0.01626372971506514
GBR,Test2026,DLinear,0.3308173571369593,0.3265502912643527,-0.004267065872606612,-0.014153240168308188,0.0029340716585842612
GBR,Test2026,PatchTST,0.3388963332092929,0.3144653085763805,-0.02443102463291232,-0.06511356686482504,-0.00015636656007684928
GBR,Test2026,iT90,0.33148454595883486,0.30878405732747455,-0.0227004886313603,-0.05605004162556993,-0.000463996647977497
GBR,Test2026,iT365,0.4132187210236989,0.33542710709626977,-0.07779161392742906,-0.14101128446746225,-0.023164706398800843
GBR,Test2026,Dual Context,0.34561651872876126,0.31704671231067494,-0.02856980641808632,-0.06139875701183053,-0.0039005850803991026
