split,Model,RMSE_mean,RMSE_SD,MAE_mean,MAE_SD,D1_7,D8_14,D15_30
Val,iT90,0.8151703724453436,0.0030893473163285997,0.6141754716214071,0.002207647834895892,0.567124067176783,0.7764552686703806,0.9173042975908005
Val,iT180,0.8305562961174914,0.0029428402950262395,0.626118588505573,0.0029437165400939746,0.6375463645331999,0.8078192848070292,0.9110232539746761
Val,iT365,0.8109935321804387,0.005472377056407022,0.6102802942252238,0.0029616899840734043,0.6524109364792637,0.7911888382028368,0.8792538022265929
Val,DAP,0.8615930778041432,0.0,0.6545484557003699,0.0,0.5342232286190084,0.8103677561292559,0.989812054268698
Val,Dual Context,0.7859623679566637,0.006131012277167,0.5887835671429303,0.004550164292899037,0.5655042917397741,0.7648408821052509,0.8731615980928428
Val,ReefFormer,0.7694516314156798,0.004612952676605196,0.572406990407127,0.0030078746146477197,0.5215781941576791,0.7495842004465555,0.8632815735626812
Dev,iT90,0.7910529714279741,0.003739466479660081,0.6091819284796011,0.0032308373816286036,0.603316313255874,0.7917929811827008,0.8600959827861415
Dev,iT180,0.7935346612927955,0.00821244540392245,0.6157982205598973,0.007123617937362708,0.642380650550804,0.7952448545198573,0.8505155972178656
Dev,iT365,0.7973005457228544,0.009554206165108763,0.6168012381015263,0.00835837570482913,0.6656634625913511,0.7965855890337014,0.8487741267436753
Dev,DAP,0.8326129635370639,0.0,0.6407072495218825,0.0,0.571166782840498,0.8192517816734434,0.929230043582146
Dev,Dual Context,0.7771453475949338,0.0035362916663562137,0.5980092556746336,0.0025497574600842846,0.5990509341277368,0.7815667416052676,0.841518285547766
Dev,ReefFormer,0.7602462854617849,0.0018446001665407643,0.5808225583513353,0.0013035916661747807,0.560540752057547,0.7683483436478382,0.8294295315523362
Test2026,iT90,0.9575572891985655,0.009827290539276274,0.7375621287422245,0.008808113980346512,0.6596316408219453,0.9193978075430461,1.0765752020738117
Test2026,iT180,0.9551882412157658,0.008452207159031253,0.732666627504365,0.005006439982819382,0.7424797966862537,0.9249598970945053,1.0464897484398685
Test2026,iT365,1.0030244921414877,0.005331612025546861,0.751702453681903,0.003280471418954388,0.8042878688082241,0.9692054877859682,1.0919106024058483
Test2026,DAP,1.0082029012928138,0.0,0.7526241645035833,0.0,0.6214815395949067,0.9585188846256713,1.1554005910172547
Test2026,Dual Context,0.9476560841227138,0.004589867320550797,0.7130652791574335,0.0024611583467427514,0.6615975775701842,0.9123843440329652,1.062117358402368
Test2026,ReefFormer,0.9390182700955944,0.005135767846727127,0.6990418988842051,0.002897524681512934,0.6140900933756628,0.9059720814759701,1.0626337952151994
