split,Model,Best_L,Neural_and_blend_params,Statistical_coefficients,RMSE_mean,RMSE_SD,MAE_mean,MAE_SD,D1_7,D8_14,D15_30,ReefFormer_improvement_pct
Test2026,Climatology,--,0,0,1.313451925042319,0.0,0.997675740970799,0.0,1.3109224049199848,1.310529607588583,1.3158324587810568,28.507602585271993
Test2026,Persistence,--,0,0,1.0506471219713038,0.0,0.8030598312705666,0.0,0.6298818778327604,1.0035202893702038,1.206470891401836,10.624771108610403
Test2026,DAP,--,0,154,1.008202901301756,0.0,0.7526241644950704,0.0,0.6214815395887063,0.9585188846909096,1.155400591009666,6.862173388886021
Test2026,DLinear,180,10860,0,0.9415470705966639,0.004825917488226563,0.7048445917896066,0.0044671726754612045,0.623146348213638,0.9100202882904398,1.063007468037456,0.2685792960315104
Test2026,PatchTST,365,62612,0,0.9946398195925475,0.014635696713832786,0.7455932786595428,0.01327713027492204,0.6582328372213633,0.963027631177646,1.1223314638304138,5.59212977343726
Test2026,iTransformer,365,29854,0,1.0030244921414877,0.005331612025546861,0.751702453681903,0.003280471418954388,0.8042878688082241,0.9692054877859682,1.0919106024058483,6.381321945806371
Test2026,Dual Context,90+365,50910,0,0.9476560841289223,0.0045898673431939985,0.7130652791631195,0.0024611583471026476,0.6615975775417313,0.9123843440607878,1.0621173584103902,0.9114924887768848
Test2026,DAP Smooth,365,29856,154,0.9678818667392158,0.006824842023462711,0.7166282306999631,0.0029704291263327296,0.6360094177758785,0.9428414846086653,1.0911367651133201,2.9821404479667497
Test2026,ReefFormer,90+365,50912,154,0.93901827010265,0.005135767845969123,0.6990418988745759,0.0028975246772099577,0.6140900934563751,0.9059720814240516,1.062633795225932,0.0
