Split,Model,RMSE_mean,RMSE_std,MAE_mean,MAE_std,D1_7_mean,D1_7_std,D8_14_mean,D8_14_std,D15_30_mean,D15_30_std
Val,iT90,0.47494395651670046,0.0033568846955684415,0.37149735838816605,0.002381101258496913,0.3390448405804747,0.006550271775707907,0.4631307991869318,0.0030152128489840764,0.5280106565376278,0.005483477109034747
Val,iT365,0.4992542902384824,0.003681502589107139,0.3911223109587753,0.0029843739387295475,0.39762949476001835,0.006924100947716325,0.49008742517191645,0.0038359381105809226,0.5413417959720506,0.008355685555790705
Val,DAP,0.4742292223563684,0.0,0.36526182512098493,0.0,0.30718392747695894,0.0,0.45755675005731455,0.0,0.5373988071220658,0.0
Val,Dual Context,0.47260227716248693,0.002182849703031204,0.36883263088504875,0.0007885478474393458,0.33914675654947773,0.006599874496541724,0.4624010359220265,0.002387512590555393,0.5243032384669544,0.005337989291763713
Val,ReefFormer,0.45768499715673744,0.0015550850509603229,0.3541712295762737,0.0010257629171138774,0.3055282861503747,8.788201564590834e-05,0.44851000386080303,0.00042545469170049655,0.5137291090842985,0.0025858320884707157
Dev,iT90,0.5647535319936083,0.003687785960113061,0.43464141710579324,0.0028736525786747288,0.3916685078692415,0.00845717830918879,0.5420485008635679,0.0046854831403614515,0.6343123573753431,0.0022095209464692038
Dev,iT365,0.5570394271733704,0.0033353630217217893,0.4340207408443917,0.0020782003738623023,0.4400506911132678,0.004115515433874434,0.5472625181236888,0.004484855503258059,0.6050173406478896,0.003289870570749067
Dev,DAP,0.6202708056830086,0.0,0.47208305454468275,0.0,0.35571915739595267,0.0,0.5702209953767287,0.0,0.7237169445789503,0.0
Dev,Dual Context,0.5544344405517484,0.003908227066401612,0.4276017543737527,0.0026465432822876363,0.3907630581821587,0.007902302969139368,0.5375598566854866,0.0034216929202096923,0.6189585402138462,0.006613444757048889
Dev,ReefFormer,0.5395180242711506,0.003692085895383073,0.40897354076557413,0.0026154741417502487,0.3478186291403153,0.00030990964624884245,0.5262807763250851,0.0006336567279498714,0.6096412690496916,0.006251392832338824
Test2026,iT90,0.33148454595883486,0.006039834162618632,0.2623104568168331,0.006447994278456126,0.26907445767437904,0.006673236815533582,0.3181935298929572,0.008337359902271106,0.36062657014161653,0.00526641479958053
Test2026,iT365,0.41321872102369883,0.01905185278324964,0.3333702681960146,0.01415006388707892,0.3313825709151867,0.01714753019365961,0.3931483287718531,0.018394207407369082,0.45220351314027335,0.020150872701685855
Test2026,DAP,0.34183031288608207,0.0,0.26476118792070424,0.0,0.26210298454186076,0.0,0.32930270339885787,0.0,0.3762870554371583,0.0
Test2026,Dual Context,0.3456165187277853,0.015524333754816044,0.27374591983535485,0.013276927118791092,0.2696199967846927,0.00729991402035238,0.3250491180408413,0.013541443780773633,0.38198150939771036,0.01988549150077754
Test2026,ReefFormer,0.3170467123123009,0.008685494497422515,0.2508737889446356,0.007165634570629508,0.25332614209733495,0.0016940760145688198,0.3059760403388517,0.005781777949296719,0.3455668763632165,0.012498017161424149
