Direction,Split,Model,RMSE_mean,RMSE_SD,MAE_mean,MAE_SD,D1_7_mean,D8_14_mean,D15_30_mean
Hainan_to_GBR,Dev,Target-fitted ReefFormer,0.5395180242817851,0.003692085897592967,0.4089735407676875,0.002615474143119172,0.34781862913151024,0.5262807763294101,0.6096412690678773
Hainan_to_GBR,Dev,Coefficient transfer,0.5271452233270258,0.0012924827403016973,0.4012926640708703,0.0009688044135312622,0.34698244488132374,0.5172111825383331,0.5927221446153778
Hainan_to_GBR,Dev,Frozen model transfer,0.5271041477275683,0.0031313486245195675,0.4036389999955929,0.0013302709867094203,0.3440977672593249,0.5163302931797384,0.5937230803136845
Hainan_to_GBR,Dev,Frozen iT90,0.5569882466566655,0.0019850394589896684,0.4277217764300436,0.002141531112083798,0.37447874604237286,0.5341423706542526,0.6288853382678902
Hainan_to_GBR,Dev,Frozen iT365,0.5516416045150602,0.0068873240186415495,0.4315503559100957,0.004494084117155063,0.4328691997402627,0.5416050022667894,0.6002152503015613
Hainan_to_GBR,Dev,Target DAP,0.6202708056660867,0.0,0.47208305453211313,0.0,0.3557191574178571,0.5702209953858879,0.7237169445438886
Hainan_to_GBR,Test2026,Target-fitted ReefFormer,0.31704671231555764,0.008685494515019168,0.2508737889447891,0.007165634575992311,0.25332614210133586,0.3059760403590859,0.3455668763596071
Hainan_to_GBR,Test2026,Coefficient transfer,0.3427779497255621,0.010399055398046048,0.27125280168415594,0.00753964225876975,0.2511052661737671,0.31677378703539855,0.3857412949156402
Hainan_to_GBR,Test2026,Frozen model transfer,0.33978043884937414,0.014081348371469016,0.26915460188386103,0.010564986216793493,0.2510257907678271,0.31151411440760596,0.3826433068155526
Hainan_to_GBR,Test2026,Frozen iT90,0.33210197048585605,0.0033463287851197257,0.2620029359859955,0.003073233474096519,0.26916076449258225,0.3191942132027017,0.361275825321201
Hainan_to_GBR,Test2026,Frozen iT365,0.42033888646640255,0.03452545142262973,0.342458660133016,0.029119169867625215,0.3322550128172223,0.39211158591772916,0.46422347270370096
Hainan_to_GBR,Test2026,Target DAP,0.3418303128615629,0.0,0.26476118791247877,0.0,0.262102984555423,0.32930270335574807,0.3762870554077671
GBR_to_Hainan,Dev,Target-fitted ReefFormer,0.7602462854735732,0.0018446001562031796,0.5808225583520255,0.001303591665721807,0.5605407520931674,0.7683483436852413,0.8294295315469095
GBR_to_Hainan,Dev,Coefficient transfer,0.7652050179457155,0.0015546986709345865,0.584947810606459,0.0013126215577515625,0.5623964254006489,0.7761455310564912,0.8342376057459409
GBR_to_Hainan,Dev,Frozen model transfer,0.7671813456502709,0.005130585968188791,0.5866200981879574,0.004022974111494059,0.5650712342358147,0.7808767783289259,0.8349166201902646
GBR_to_Hainan,Dev,Frozen iT90,0.8002781142950152,0.004197995815877652,0.6189893588047489,0.0022256836344977373,0.6251576694687223,0.80393369238382,0.8643286683989522
GBR_to_Hainan,Dev,Frozen iT365,0.8145590252577949,0.0004152443753244451,0.6317572580722387,0.0016798276795509104,0.6845614336770306,0.8183773312123143,0.8637217908835391
GBR_to_Hainan,Dev,Target DAP,0.8326129635564099,0.0,0.6407072495323191,0.0,0.5711667829455545,0.8192517816442374,0.9292300435976623
GBR_to_Hainan,Test2026,Target-fitted ReefFormer,0.9390182700725164,0.0051357678189550785,0.6990418988629704,0.0028975246632806616,0.6140900934831071,0.9059720813844064,1.0626337951838924
GBR_to_Hainan,Test2026,Coefficient transfer,0.9299093051775348,0.00694351104748662,0.6958394912471233,0.0038991386598614137,0.6108220367305425,0.9045070891522192,1.0489046785534721
GBR_to_Hainan,Test2026,Frozen model transfer,0.9230663750647613,0.0065781169920143545,0.698546376214364,0.0035440046847146954,0.6147183730104923,0.9058490459270944,1.0359902096422533
GBR_to_Hainan,Test2026,Frozen iT90,0.9483684252083554,0.008499220584356811,0.7390652615024299,0.006381295258521785,0.6877993012191306,0.9185391062831387,1.0536742271415498
GBR_to_Hainan,Test2026,Frozen iT365,0.9748423476094165,0.029469023322363536,0.7474953070106863,0.016581132798205802,0.8016258166394198,0.9413058214304866,1.0549484298499567
GBR_to_Hainan,Test2026,Target DAP,1.0082029012320513,0.0,0.752624164460424,0.0,0.6214815396904795,0.9585188845974796,1.1554005909055804
