pixel_id,lat,lon,n_supporting_anchors,min_anchor_distance_km,anchors,sources
GBR001,-19.225,146.825,1,8.743272836829423,Magnetic Island,AIMS MMP
GBR002,-19.225,146.875,1,8.743176593156603,Magnetic Island,AIMS MMP
GBR003,-19.175,146.775,1,8.354222876853086,Magnetic Island,AIMS MMP
GBR004,-19.175,146.825,1,3.824134578111902,Magnetic Island,AIMS MMP
GBR005,-19.175,146.875,1,3.8239144603782433,Magnetic Island,AIMS MMP
GBR006,-19.175,146.925,1,8.353920604279754,Magnetic Island,AIMS MMP
GBR007,-19.125,146.775,1,8.35537686388267,Magnetic Island,AIMS MMP
GBR008,-19.125,146.825,1,3.8244695329354967,Magnetic Island,AIMS MMP
GBR009,-19.125,146.875,1,3.824249367771581,Magnetic Island,AIMS MMP
GBR010,-19.125,146.925,1,8.355074541456355,Magnetic Island,AIMS MMP
GBR011,-19.075,146.825,1,8.74351007027267,Magnetic Island,AIMS MMP
GBR012,-19.075,146.875,1,8.743413741676338,Magnetic Island,AIMS MMP
GBR013,-18.925,146.525,1,8.744675263611354,Havannah Island,AIMS MMP
GBR014,-18.925,146.575,1,8.744385530648941,Havannah Island,AIMS MMP
GBR015,-18.875,146.375,1,8.420269753802575,Pandora Reef,AIMS MMP
GBR016,-18.875,146.425,1,6.138294385494282,Pandora Reef,AIMS MMP
GBR017,-18.875,146.475,2,7.735182222345549,Havannah Island; Pandora Reef,AIMS MMP
GBR018,-18.875,146.525,1,3.827675218060311,Havannah Island,AIMS MMP
GBR019,-18.875,146.575,1,3.8270130525878883,Havannah Island,AIMS MMP
GBR020,-18.875,146.625,1,8.367062455243977,Havannah Island,AIMS MMP
GBR021,-18.875,147.475,1,9.590143154741169,Wheeler Reef,AIMS LTMP
GBR022,-18.875,147.525,1,8.356174510735322,Wheeler Reef,AIMS LTMP
GBR023,-18.875,147.575,1,7.651033874875151,Davies Reef,AIMS LTMP
GBR024,-18.875,147.625,1,5.031364969517728,Davies Reef,AIMS LTMP
GBR025,-18.875,147.675,1,6.889435441304488,Davies Reef,AIMS LTMP
GBR026,-18.825,146.375,1,5.815322516275043,Pandora Reef,AIMS MMP
GBR027,-18.825,146.425,1,0.7653737963102232,Pandora Reef,AIMS MMP
GBR028,-18.825,146.475,2,4.769358557231109,Havannah Island; Pandora Reef,AIMS MMP
GBR029,-18.825,146.525,1,3.8278830799998245,Havannah Island,AIMS MMP
GBR030,-18.825,146.575,1,3.827220753179302,Havannah Island,AIMS MMP
GBR031,-18.825,146.625,1,8.368143163420536,Havannah Island,AIMS MMP
GBR032,-18.825,147.475,1,5.491471865607586,Wheeler Reef,AIMS LTMP
GBR033,-18.825,147.525,1,2.8292184457445497,Wheeler Reef,AIMS LTMP
GBR034,-18.825,147.575,2,5.815454583560228,Davies Reef; Wheeler Reef,AIMS LTMP
GBR035,-18.825,147.625,1,0.7654605506091599,Davies Reef,AIMS LTMP
GBR036,-18.825,147.675,1,4.768879823697653,Davies Reef,AIMS LTMP
GBR037,-18.775,146.375,1,7.652251808222373,Pandora Reef,AIMS MMP
GBR038,-18.775,146.425,1,5.0313915724350515,Pandora Reef,AIMS MMP
GBR039,-18.775,146.475,1,6.890752651489122,Pandora Reef,AIMS MMP
GBR040,-18.775,146.525,1,8.7451504779987,Havannah Island,AIMS MMP
GBR041,-18.775,146.575,1,8.744860501715673,Havannah Island,AIMS MMP
GBR042,-18.775,147.475,1,5.492057125855992,Wheeler Reef,AIMS LTMP
GBR043,-18.775,147.525,1,2.8291912750872266,Wheeler Reef,AIMS LTMP
GBR044,-18.775,147.575,2,6.422378692063554,Davies Reef; Wheeler Reef,AIMS LTMP
GBR045,-18.775,147.625,1,6.138376245946921,Davies Reef,AIMS LTMP
GBR046,-18.775,147.675,1,7.735795662575672,Davies Reef,AIMS LTMP
GBR047,-18.725,147.475,1,9.591148518645896,Wheeler Reef,AIMS LTMP
GBR048,-18.725,147.525,1,8.35614691334813,Wheeler Reef,AIMS LTMP
GBR049,-18.675,146.425,1,9.352385738460871,Orpheus Island,AIMS LTMP
GBR050,-18.675,146.475,1,5.654273994510432,Orpheus Island,AIMS LTMP
GBR051,-18.675,146.525,1,5.654273994510432,Orpheus Island,AIMS LTMP
GBR052,-18.675,146.575,1,9.352385738460871,Orpheus Island,AIMS LTMP
GBR053,-18.675,147.025,1,6.8934562210324835,John Brewer Reef,AIMS LTMP
GBR054,-18.675,147.075,1,5.0313122309926195,John Brewer Reef,AIMS LTMP
GBR055,-18.675,147.125,1,7.655928474997289,John Brewer Reef,AIMS LTMP
GBR056,-18.625,146.425,1,7.921973240953802,Orpheus Island,AIMS LTMP
GBR057,-18.625,146.475,2,2.6916562679429514,Orpheus Island; Pelorus Island,AIMS LTMP
GBR058,-18.625,146.525,2,2.6916562679429514,Orpheus Island; Pelorus Island,AIMS LTMP
GBR059,-18.625,146.575,1,7.921973240953802,Orpheus Island,AIMS LTMP
GBR060,-18.625,147.025,1,4.774779200632914,John Brewer Reef,AIMS LTMP
GBR061,-18.625,147.075,1,0.7657294738523304,John Brewer Reef,AIMS LTMP
GBR062,-18.625,147.125,1,5.821965755295949,John Brewer Reef,AIMS LTMP
GBR063,-18.575,146.425,2,6.429329808468371,Orpheus Island; Pelorus Island,AIMS LTMP
GBR064,-18.575,146.475,2,2.8293627796061886,Orpheus Island; Pelorus Island,AIMS LTMP
GBR065,-18.575,146.525,2,5.497505051123126,Orpheus Island; Pelorus Island,AIMS LTMP
GBR066,-18.575,146.575,1,9.993398424084404,Orpheus Island,AIMS LTMP
GBR067,-18.575,147.025,1,7.739323319700305,John Brewer Reef,AIMS LTMP
GBR068,-18.575,147.075,1,6.138275250705366,John Brewer Reef,AIMS LTMP
GBR069,-18.575,147.125,1,8.425980972712518,John Brewer Reef,AIMS LTMP
GBR070,-18.525,146.425,1,6.430076927660088,Pelorus Island,AIMS LTMP
GBR071,-18.525,146.475,1,2.8293354453874042,Pelorus Island,AIMS LTMP
GBR072,-18.525,146.525,1,5.498082778713015,Pelorus Island,AIMS LTMP
GBR073,-18.525,146.825,1,6.896137271509994,Rib Reef,AIMS LTMP
GBR074,-18.525,146.875,1,5.0314366384745535,Rib Reef,AIMS LTMP
GBR075,-18.525,146.925,1,7.6600612345371575,Rib Reef,AIMS LTMP
GBR076,-18.475,146.475,1,8.35619567118858,Pelorus Island,AIMS LTMP
GBR077,-18.475,146.525,1,9.594596233059486,Pelorus Island,AIMS LTMP
GBR078,-18.475,146.825,1,4.778594860756407,Rib Reef,AIMS LTMP
GBR079,-18.475,146.875,1,0.7662384680098598,Rib Reef,AIMS LTMP
GBR080,-18.475,146.925,2,5.827353075073082,Kelso Reef; Rib Reef,AIMS LTMP
GBR081,-18.475,146.975,1,6.6598196553468565,Kelso Reef,AIMS LTMP
GBR082,-18.475,147.025,1,6.65981965534792,Kelso Reef,AIMS LTMP
GBR083,-18.475,147.075,1,9.999146040825238,Kelso Reef,AIMS LTMP
GBR084,-18.425,146.775,1,9.596905241399664,Trunk Reef,AIMS LTMP
GBR085,-18.425,146.825,2,7.741812066508512,Rib Reef; Trunk Reef,AIMS LTMP
GBR086,-18.425,146.875,1,6.1385116139262115,Rib Reef,AIMS LTMP
GBR087,-18.425,146.925,2,7.931423839666188,Kelso Reef; Rib Reef,AIMS LTMP
GBR088,-18.425,146.975,1,2.6947300351534396,Kelso Reef,AIMS LTMP
GBR089,-18.425,147.025,1,2.6947300351560664,Kelso Reef,AIMS LTMP
GBR090,-18.425,147.075,1,7.931423839668866,Kelso Reef,AIMS LTMP
GBR091,-18.375,146.775,1,5.503346065257362,Trunk Reef,AIMS LTMP
GBR092,-18.375,146.825,1,2.829453707765842,Trunk Reef,AIMS LTMP
GBR093,-18.375,146.875,1,6.435679863104512,Trunk Reef,AIMS LTMP
GBR094,-18.375,146.925,1,9.362395582782014,Kelso Reef,AIMS LTMP
GBR095,-18.375,146.975,1,5.656180274498115,Kelso Reef,AIMS LTMP
GBR096,-18.375,147.025,1,5.656180274499366,Kelso Reef,AIMS LTMP
GBR097,-18.375,147.075,1,9.362395582784282,Kelso Reef,AIMS LTMP
GBR098,-18.325,146.775,1,5.503896516718541,Trunk Reef,AIMS LTMP
GBR099,-18.325,146.825,1,2.8293845856974142,Trunk Reef,AIMS LTMP
GBR100,-18.325,146.875,1,6.436400904159248,Trunk Reef,AIMS LTMP
GBR101,-18.325,147.325,1,8.433416632738055,Myrmidon Reef,AIMS LTMP
GBR102,-18.325,147.375,1,6.138552366961396,Myrmidon Reef,AIMS LTMP
GBR103,-18.325,147.425,1,7.744429359803513,Myrmidon Reef,AIMS LTMP
GBR104,-18.275,146.775,1,9.598036505447022,Trunk Reef,AIMS LTMP
GBR105,-18.275,146.825,1,8.356339269765066,Trunk Reef,AIMS LTMP
GBR106,-18.275,147.325,1,5.834219893764676,Myrmidon Reef,AIMS LTMP
GBR107,-18.275,147.375,1,0.7666701489350134,Myrmidon Reef,AIMS LTMP
GBR108,-18.275,147.425,1,4.784200668432977,Myrmidon Reef,AIMS LTMP
GBR109,-18.225,146.275,1,8.356424393846673,Brook Islands,AIMS LTMP
GBR110,-18.225,146.325,1,9.599250459818892,Brook Islands,AIMS LTMP
GBR111,-18.225,147.325,1,7.666560296535962,Myrmidon Reef,AIMS LTMP
GBR112,-18.225,147.375,1,5.031518435590416,Myrmidon Reef,AIMS LTMP
GBR113,-18.225,147.425,1,6.9009703006310055,Myrmidon Reef,AIMS LTMP
GBR114,-18.175,146.225,1,6.441095723809521,Brook Islands,AIMS LTMP
GBR115,-18.175,146.275,1,2.829664352010993,Brook Islands,AIMS LTMP
GBR116,-18.175,146.325,1,5.50719341165192,Brook Islands,AIMS LTMP
GBR117,-18.125,146.225,1,6.441882101005014,Brook Islands,AIMS LTMP
GBR118,-18.125,146.275,1,2.82976183472783,Brook Islands,AIMS LTMP
GBR119,-18.125,146.325,1,5.507823306823824,Brook Islands,AIMS LTMP
GBR120,-18.075,146.275,1,8.35631176423719,Brook Islands,AIMS LTMP
GBR121,-18.075,146.325,1,9.600150369368984,Brook Islands,AIMS LTMP
GBR122,-18.025,146.125,1,8.748686319075722,Dunk Island,AIMS MMP
GBR123,-18.025,146.175,1,8.748783866671324,Dunk Island,AIMS MMP
GBR124,-17.975,146.075,1,8.40641824809709,Dunk Island,AIMS MMP
GBR125,-17.975,146.125,1,3.8367573516001507,Dunk Island,AIMS MMP
GBR126,-17.975,146.175,1,3.8369798402907827,Dunk Island,AIMS MMP
GBR127,-17.975,146.225,1,8.406722888321958,Dunk Island,AIMS MMP
GBR128,-17.925,146.075,1,8.407490702021168,Dunk Island,AIMS MMP
GBR129,-17.925,146.125,1,3.8370457409135725,Dunk Island,AIMS MMP
GBR130,-17.925,146.175,1,3.8372682757853767,Dunk Island,AIMS MMP
GBR131,-17.925,146.225,1,8.407795389512444,Dunk Island,AIMS MMP
GBR132,-17.875,146.125,1,8.749065736932165,Dunk Island,AIMS MMP
GBR133,-17.875,146.175,1,8.749163363059735,Dunk Island,AIMS MMP
GBR134,-17.625,146.125,1,9.607353668917286,Barnard Islands,AIMS MMP
GBR135,-17.625,146.175,1,8.35647502842558,Barnard Islands,AIMS MMP
GBR136,-17.575,146.125,1,5.521438229915621,Barnard Islands,AIMS MMP
GBR137,-17.575,146.175,1,2.8301051251173206,Barnard Islands,AIMS MMP
GBR138,-17.575,146.225,1,6.460061143914421,Barnard Islands,AIMS MMP
GBR139,-17.525,146.125,1,5.521985716428415,Barnard Islands,AIMS MMP
GBR140,-17.525,146.175,1,2.830077177821192,Barnard Islands,AIMS MMP
GBR141,-17.525,146.225,1,6.460769334641544,Barnard Islands,AIMS MMP
GBR142,-17.475,146.125,1,9.60829758257847,Barnard Islands,AIMS MMP
GBR143,-17.475,146.175,1,8.356446634329439,Barnard Islands,AIMS MMP
GBR144,-17.275,146.025,2,7.691367744188504,Frankland Islands; Russell Island,AIMS MMP
GBR145,-17.275,146.075,2,5.031862385224869,Frankland Islands; Russell Island,AIMS MMP
GBR146,-17.275,146.125,2,5.664393096361766,Frankland Islands; Russell Island,AIMS MMP
GBR147,-17.275,146.175,1,9.406077648427017,Russell Island,AIMS MMP
GBR148,-17.225,145.975,1,7.1568216765830694,High Island,AIMS MMP
GBR149,-17.225,146.025,3,5.868395558808864,High Island; Frankland Islands; Russell Island,AIMS MMP
GBR150,-17.225,146.075,3,0.7690260871467646,High Island; Frankland Islands; Russell Island,AIMS MMP
GBR151,-17.225,146.125,2,2.712737370986714,Frankland Islands; Russell Island,AIMS MMP
GBR152,-17.225,146.175,1,7.985184244847114,Russell Island,AIMS MMP
GBR153,-17.175,145.975,1,3.7590127433418288,High Island,AIMS MMP
GBR154,-17.175,146.025,2,1.6871320656762552,High Island; Frankland Islands,AIMS MMP
GBR155,-17.175,146.075,3,6.138859819283305,High Island; Frankland Islands; Russell Island,AIMS MMP
GBR156,-17.175,146.125,2,6.667456206911236,Frankland Islands; Russell Island,AIMS MMP
GBR157,-17.125,145.975,1,6.233994446667761,High Island,AIMS MMP
GBR158,-17.125,146.025,1,5.251274543497799,High Island,AIMS MMP
GBR159,-17.125,146.075,1,8.528288614144317,High Island,AIMS MMP
GBR160,-16.975,145.925,1,8.534154799193473,Fitzroy Island,AIMS MMP
GBR161,-16.975,145.975,1,5.251819943189207,Fitzroy Island,AIMS MMP
GBR162,-16.975,146.025,1,6.236345196581262,Fitzroy Island,AIMS MMP
GBR163,-16.925,145.925,1,6.936532629861177,Fitzroy Island,AIMS MMP
GBR164,-16.925,145.975,1,1.6891616641679263,Fitzroy Island,AIMS MMP
GBR165,-16.925,146.025,1,3.7638628220377477,Fitzroy Island,AIMS MMP
GBR166,-16.925,146.075,1,9.058839863701206,Fitzroy Island,AIMS MMP
GBR167,-16.875,145.925,1,9.231528157247133,Fitzroy Island,AIMS MMP
GBR168,-16.875,145.975,1,6.320354846181179,Fitzroy Island,AIMS MMP
GBR169,-16.875,146.025,1,7.159838214581426,Fitzroy Island,AIMS MMP
GBR170,-16.825,145.925,1,8.670954002176517,Green Island,AIMS MMP
GBR171,-16.825,145.975,1,7.2473849052090165,Green Island,AIMS MMP
GBR172,-16.825,146.025,1,9.301251400652053,Green Island,AIMS MMP
GBR173,-16.775,145.925,1,5.072744191591813,Green Island,AIMS MMP
GBR174,-16.775,145.975,1,1.7509744274934065,Green Island,AIMS MMP
GBR175,-16.775,146.025,2,6.08798412308535,Arlington Reef; Green Island,AIMS LTMP; AIMS MMP
GBR176,-16.775,146.075,1,8.754073991034868,Arlington Reef,AIMS LTMP
GBR177,-16.725,145.925,1,6.1727563193025805,Green Island,AIMS MMP
GBR178,-16.725,145.975,2,3.928122106318907,Arlington Reef; Green Island,AIMS LTMP; AIMS MMP
GBR179,-16.725,146.025,2,3.849685297549913,Arlington Reef; Green Island,AIMS LTMP; AIMS MMP
GBR180,-16.725,146.075,1,3.8490108705045927,Arlington Reef,AIMS LTMP
GBR181,-16.725,146.125,1,8.45729981628678,Arlington Reef,AIMS LTMP
GBR182,-16.675,145.975,2,8.457687365993618,Arlington Reef; Green Island,AIMS LTMP; AIMS MMP
GBR183,-16.675,146.025,1,3.849957118647783,Arlington Reef,AIMS LTMP
GBR184,-16.675,146.075,1,3.8492825626246012,Arlington Reef,AIMS LTMP
GBR185,-16.675,146.125,1,8.458301346071707,Arlington Reef,AIMS LTMP
GBR186,-16.625,145.925,1,7.706007808418103,Michaelmas Reef,AIMS LTMP
GBR187,-16.625,145.975,1,5.031995649780677,Michaelmas Reef,AIMS LTMP
GBR188,-16.625,146.025,2,6.930024000967212,Arlington Reef; Michaelmas Reef,AIMS LTMP
GBR189,-16.625,146.075,1,8.754432361834372,Arlington Reef,AIMS LTMP
GBR190,-16.575,145.925,1,5.887503944743858,Michaelmas Reef,AIMS LTMP
GBR191,-16.575,145.975,2,0.769589375923202,Hastings Reef; Michaelmas Reef,AIMS LTMP
GBR192,-16.575,146.025,2,4.827258558024908,Hastings Reef; Michaelmas Reef,AIMS LTMP
GBR193,-16.575,146.075,1,6.931172196416005,Hastings Reef,AIMS LTMP
GBR194,-16.525,145.925,1,8.47143841248489,Michaelmas Reef,AIMS LTMP
GBR195,-16.525,145.975,2,5.888705706571979,Hastings Reef; Michaelmas Reef,AIMS LTMP
GBR196,-16.525,146.025,2,0.7706772662149382,Hastings Reef; Michaelmas Reef,AIMS LTMP
GBR197,-16.525,146.075,1,4.828831961697786,Hastings Reef,AIMS LTMP
GBR198,-16.475,145.975,1,8.472202584786,Hastings Reef,AIMS LTMP
GBR199,-16.475,146.025,1,6.138932213848475,Hastings Reef,AIMS LTMP
GBR200,-16.475,146.075,1,7.772775661319081,Hastings Reef,AIMS LTMP
GBR201,-16.425,145.525,1,6.24342558719961,Low Isles,AIMS MMP
GBR202,-16.425,145.575,1,5.25319441824302,Low Isles,AIMS MMP
GBR203,-16.425,145.625,1,8.550480987370072,Low Isles,AIMS MMP
GBR204,-16.375,145.475,2,9.084459561507504,Low Isles; Snapper Island,AIMS MMP
GBR205,-16.375,145.525,2,3.7757251641676683,Low Isles; Snapper Island,AIMS MMP
GBR206,-16.375,145.575,1,1.6937726932220805,Low Isles,AIMS MMP
GBR207,-16.375,145.625,1,6.956667744599704,Low Isles,AIMS MMP
GBR208,-16.375,145.875,1,6.934760142696607,Tongue Reef,AIMS LTMP
GBR209,-16.375,145.925,1,5.032171902480738,Tongue Reef,AIMS LTMP
GBR210,-16.375,145.975,1,7.712508520366045,Tongue Reef,AIMS LTMP
GBR211,-16.325,145.475,1,5.548375004049451,Snapper Island,AIMS MMP
GBR212,-16.325,145.525,2,2.8305857642948338,Low Isles; Snapper Island,AIMS MMP
GBR213,-16.325,145.575,2,6.3215126103561845,Low Isles; Snapper Island,AIMS MMP
GBR214,-16.325,145.625,1,9.246596422253512,Low Isles,AIMS MMP
GBR215,-16.325,145.875,1,4.834047203610546,Tongue Reef,AIMS LTMP
GBR216,-16.325,145.925,1,0.7707405045604877,Tongue Reef,AIMS LTMP
GBR217,-16.325,145.975,1,5.896000121952601,Tongue Reef,AIMS LTMP
GBR218,-16.275,145.475,1,5.548884018539632,Snapper Island,AIMS MMP
GBR219,-16.275,145.525,1,2.830556910403109,Snapper Island,AIMS MMP
GBR220,-16.275,145.575,1,6.494948724695091,Snapper Island,AIMS MMP
GBR221,-16.275,145.825,1,8.478191128395935,Opal Reef,AIMS LTMP
GBR222,-16.275,145.875,2,6.138936289071383,Opal Reef; Tongue Reef,AIMS LTMP
GBR223,-16.275,145.925,2,6.139036119323573,Opal Reef; Tongue Reef,AIMS LTMP
GBR224,-16.275,145.975,1,8.477338430504277,Tongue Reef,AIMS LTMP
GBR225,-16.225,145.475,1,9.623760826101368,Snapper Island,AIMS MMP
GBR226,-16.225,145.525,1,8.356608808758025,Snapper Island,AIMS MMP
GBR227,-16.225,145.825,1,5.8988150275172995,Opal Reef,AIMS LTMP
GBR228,-16.225,145.875,1,0.7708045057166966,Opal Reef,AIMS LTMP
GBR229,-16.225,145.925,1,4.836938311520013,Opal Reef,AIMS LTMP
GBR230,-16.175,145.825,1,7.71584477876788,Opal Reef,AIMS LTMP
GBR231,-16.175,145.875,1,5.0322664323488375,Opal Reef,AIMS LTMP
GBR232,-16.175,145.925,1,6.937674125903826,Opal Reef,AIMS LTMP
GBR233,-16.125,145.775,1,9.626574150611942,Agincourt Reefs,AIMS LTMP
GBR234,-16.125,145.825,1,8.356702116665021,Agincourt Reefs,AIMS LTMP
GBR235,-16.075,145.775,1,5.554771899871125,Agincourt Reefs,AIMS LTMP
GBR236,-16.075,145.825,1,2.830774509499354,Agincourt Reefs,AIMS LTMP
GBR237,-16.075,145.875,1,6.501308428549794,Agincourt Reefs,AIMS LTMP
GBR238,-16.025,145.775,1,5.555273364567858,Agincourt Reefs,AIMS LTMP
GBR239,-16.025,145.825,1,2.830745497766873,Agincourt Reefs,AIMS LTMP
GBR240,-16.025,145.875,1,6.501957239601635,Agincourt Reefs,AIMS LTMP
GBR241,-15.975,145.775,1,9.627442201261308,Agincourt Reefs,AIMS LTMP
GBR242,-15.975,145.825,1,8.356672634948609,Agincourt Reefs,AIMS LTMP
GBR243,-15.675,145.775,1,8.758969051376994,Ribbon Reef #3,GBRMPA
GBR244,-15.675,145.825,1,8.75866940874441,Ribbon Reef #3,GBRMPA
GBR245,-15.625,145.725,1,8.498772229268418,Ribbon Reef #3,GBRMPA
GBR246,-15.625,145.775,1,3.859949088612006,Ribbon Reef #3,GBRMPA
GBR247,-15.625,145.825,1,3.859268927309145,Ribbon Reef #3,GBRMPA
GBR248,-15.625,145.875,1,8.499389917129292,Ribbon Reef #3,GBRMPA
GBR249,-15.575,145.725,1,8.499703831264428,Ribbon Reef #3,GBRMPA
GBR250,-15.575,145.775,1,3.8601907275336917,Ribbon Reef #3,GBRMPA
GBR251,-15.575,145.825,1,3.85951044306688,Ribbon Reef #3,GBRMPA
GBR252,-15.575,145.875,1,8.500321601927215,Ribbon Reef #3,GBRMPA
GBR253,-15.525,145.775,1,8.759288515727825,Ribbon Reef #3,GBRMPA
GBR254,-15.525,145.825,1,8.758988664921336,Ribbon Reef #3,GBRMPA
GBR255,-15.475,145.725,1,9.26966980701073,Ribbon Reef #5,GBRMPA
GBR256,-15.475,145.775,1,6.32371557166109,Ribbon Reef #5,GBRMPA
GBR257,-15.475,145.825,1,7.174397221833193,Ribbon Reef #5,GBRMPA
GBR258,-15.425,145.725,1,6.988915734549003,Ribbon Reef #5,GBRMPA
GBR259,-15.425,145.775,1,1.7019016883153872,Ribbon Reef #5,GBRMPA
GBR260,-15.425,145.825,1,3.792338898531478,Ribbon Reef #5,GBRMPA
GBR261,-15.425,145.875,1,9.128188750041598,Ribbon Reef #5,GBRMPA
GBR262,-15.375,145.725,1,8.578186540290071,Ribbon Reef #5,GBRMPA
GBR263,-15.375,145.775,1,5.256021287291771,Ribbon Reef #5,GBRMPA
GBR264,-15.375,145.825,1,6.254109609295156,Ribbon Reef #5,GBRMPA
GBR265,-15.025,145.625,1,9.482951542108337,Ribbon Reef #10,GBRMPA
GBR266,-15.025,145.675,1,5.678512486542406,Ribbon Reef #10,GBRMPA
GBR267,-15.025,145.725,1,5.678977466236578,Ribbon Reef #10,GBRMPA
GBR268,-15.025,145.775,1,9.482394688059868,Ribbon Reef #10,GBRMPA
GBR269,-14.975,145.625,1,8.075470480303604,Ribbon Reef #10,GBRMPA
GBR270,-14.975,145.675,1,2.7420566310496297,Ribbon Reef #10,GBRMPA
GBR271,-14.975,145.725,1,2.743019650774114,Ribbon Reef #10,GBRMPA
GBR272,-14.975,145.775,1,8.074816411522113,Ribbon Reef #10,GBRMPA
GBR273,-14.925,145.675,1,6.679324906694855,Ribbon Reef #10,GBRMPA
GBR274,-14.925,145.725,1,6.679720404150961,Ribbon Reef #10,GBRMPA
GBR275,-14.825,145.475,1,9.148976471697294,North Direction Island,AIMS LTMP
GBR276,-14.825,145.525,1,8.493981495251715,North Direction Island,AIMS LTMP
GBR277,-14.775,145.425,1,9.552672911151372,North Direction Island,AIMS LTMP
GBR278,-14.775,145.475,1,4.6781854886300405,North Direction Island,AIMS LTMP
GBR279,-14.775,145.525,1,3.21351968878918,North Direction Island,AIMS LTMP
GBR280,-14.775,145.575,1,7.521327787816292,North Direction Island,AIMS LTMP
GBR281,-14.725,145.425,2,6.68065636148232,Lizard Island; North Direction Island,AIMS LTMP
GBR282,-14.725,145.475,2,4.678533170275711,Lizard Island; North Direction Island,AIMS LTMP
GBR283,-14.725,145.525,1,3.2136126137738716,North Direction Island,AIMS LTMP
GBR284,-14.725,145.575,1,7.522073825286501,North Direction Island,AIMS LTMP
GBR285,-14.675,145.375,1,8.086806915325338,Lizard Island,AIMS LTMP
GBR286,-14.675,145.425,1,2.745776857690939,Lizard Island,AIMS LTMP
GBR287,-14.675,145.475,2,2.7467412864620226,Lizard Island; North Direction Island,AIMS LTMP
GBR288,-14.675,145.525,2,8.086151920327866,Lizard Island; North Direction Island,AIMS LTMP
GBR289,-14.625,145.375,1,9.494207216978337,Lizard Island,AIMS LTMP
GBR290,-14.625,145.425,1,5.6806345611549585,Lizard Island,AIMS LTMP
GBR291,-14.625,145.475,1,5.681100894105475,Lizard Island,AIMS LTMP
GBR292,-14.625,145.525,1,9.493649195849272,Lizard Island,AIMS LTMP
