pixel_id,lat,lon,sector,dap_rho
HNU001,18.125,109.425,South,0.9211759
HNU002,18.125,109.475,South,0.9221811
HNU003,18.125,109.525,South,0.92478323
HNU004,18.125,109.625,South,0.92709106
HNU005,18.175,109.325,South,0.92014796
HNU006,18.175,109.375,South,0.9199665
HNU007,18.175,109.425,South,0.92137945
HNU008,18.175,109.475,South,0.92234737
HNU009,18.175,109.525,South,0.9252243
HNU010,18.175,109.575,South,0.92670417
HNU011,18.175,109.625,South,0.9288136
HNU012,18.175,109.675,South,0.92834103
HNU013,18.175,109.725,South,0.92855793
HNU014,18.225,109.225,South,0.920709
HNU015,18.225,109.275,South,0.9204938
HNU016,18.225,109.325,South,0.9211452
HNU017,18.225,109.375,South,0.9209101
HNU018,18.225,109.425,South,0.9219861
HNU019,18.225,109.475,South,0.92262274
HNU020,18.225,109.775,South,0.92957085
HNU021,18.275,109.225,South,0.9216943
HNU022,18.275,109.275,South,0.92167765
HNU023,18.275,109.325,South,0.92225945
HNU024,18.275,109.375,South,0.9218543
HNU025,18.275,109.425,South,0.92216223
HNU026,18.275,109.475,South,0.9220786
HNU027,18.275,109.725,South,0.9319019
HNU028,18.275,109.775,South,0.9312511
HNU029,18.275,109.825,South,0.9316283
HNU030,18.325,108.975,South,0.92399275
HNU031,18.325,109.775,South,0.931967
HNU032,18.325,109.825,South,0.93243617
HNU033,18.325,109.975,South,0.9309575
HNU034,18.375,108.875,West,0.9246627
HNU035,18.375,109.775,South,0.9329241
HNU036,18.375,109.825,South,0.9336345
HNU037,18.375,109.975,South,0.9329984
HNU038,18.425,110.075,South,0.93050414
HNU039,18.575,110.175,South,0.9294265
HNU040,18.575,110.475,East,0.92406404
HNU041,18.625,110.425,East,0.9265903
HNU042,18.625,110.475,East,0.92495257
HNU043,18.625,110.525,East,0.9241929
HNU044,18.675,110.425,East,0.92662466
HNU045,18.675,110.475,East,0.9247738
HNU046,18.675,110.525,East,0.9240346
HNU047,18.675,110.575,East,0.9218277
HNU048,18.725,110.475,East,0.92511714
HNU049,18.725,110.525,East,0.9242665
HNU050,18.825,108.575,West,0.93689615
HNU051,18.875,110.525,East,0.91968715
HNU052,18.925,110.575,East,0.91686606
HNU053,19.175,110.625,East,0.91739017
HNU054,19.225,110.625,East,0.9189658
HNU055,19.225,110.675,East,0.9166454
HNU056,19.225,110.725,East,0.9166221
HNU057,19.275,110.675,East,0.91764617
HNU058,19.275,110.725,East,0.9173767
HNU059,19.325,108.625,West,0.94672287
HNU060,19.325,110.675,East,0.92000985
HNU061,19.325,110.725,East,0.9198079
HNU062,19.325,110.775,East,0.91764486
HNU063,19.325,110.825,East,0.9170168
HNU064,19.375,108.725,West,0.94836026
HNU065,19.375,108.775,West,0.9491377
HNU066,19.375,108.825,West,0.9501671
HNU067,19.375,110.675,East,0.9216276
HNU068,19.375,110.725,East,0.921153
HNU069,19.375,110.775,East,0.9188579
HNU070,19.375,110.825,East,0.91803706
HNU071,19.425,108.725,West,0.94813746
HNU072,19.425,108.775,West,0.9487002
HNU073,19.425,108.825,West,0.9496257
HNU074,19.425,108.875,West,0.949744
HNU075,19.425,110.775,East,0.92052776
HNU076,19.425,110.825,East,0.9196969
HNU077,19.425,110.875,East,0.91688514
HNU078,19.475,108.725,West,0.94582695
HNU079,19.475,108.775,West,0.9460916
HNU080,19.475,108.825,West,0.94720674
HNU081,19.475,108.875,West,0.9474605
HNU082,19.475,108.925,West,0.9489247
HNU083,19.475,110.775,East,0.9202451
HNU084,19.475,110.825,East,0.9201494
HNU085,19.475,110.875,East,0.9176583
HNU086,19.525,108.825,West,0.9467642
HNU087,19.525,108.875,West,0.9469963
HNU088,19.525,108.925,West,0.9484633
HNU089,19.525,108.975,West,0.94937617
HNU090,19.575,108.925,West,0.94707423
HNU091,19.575,108.975,West,0.9477988
HNU092,19.575,109.025,West,0.9492233
HNU093,19.575,109.075,West,0.94926476
HNU094,19.575,109.125,West,0.94981915
HNU095,19.575,110.925,East,0.9204888
HNU096,19.575,110.975,East,0.9182713
HNU097,19.575,111.025,East,0.9178094
HNU098,19.625,108.925,West,0.9465872
HNU099,19.625,108.975,West,0.9470105
HNU100,19.625,109.025,West,0.9482735
HNU101,19.625,109.075,West,0.9485173
HNU102,19.625,109.125,West,0.9490704
HNU103,19.625,109.175,West,0.94947
HNU104,19.625,110.975,East,0.91937053
HNU105,19.625,111.025,East,0.9189204
HNU106,19.625,111.075,East,0.9157615
HNU107,19.675,108.975,West,0.9452262
HNU108,19.675,109.025,West,0.94627905
HNU109,19.675,109.075,West,0.94664437
HNU110,19.675,109.125,West,0.9474089
HNU111,19.675,109.175,North,0.9478066
HNU112,19.675,110.975,East,0.9187355
HNU113,19.675,111.025,East,0.9184496
HNU114,19.675,111.075,East,0.9151145
HNU115,19.725,109.025,West,0.9454901
HNU116,19.725,109.075,West,0.9458401
HNU117,19.725,109.125,North,0.94668597
HNU118,19.725,109.175,North,0.94718605
HNU119,19.725,110.975,East,0.91918504
HNU120,19.725,111.025,East,0.9188646
HNU121,19.775,109.075,North,0.9443747
HNU122,19.775,109.125,North,0.94510084
HNU123,19.825,109.475,North,0.94187677
HNU124,19.825,109.525,North,0.94192624
HNU125,19.875,109.375,North,0.94121844
HNU126,19.875,109.425,North,0.9413915
HNU127,19.875,109.475,North,0.9399924
HNU128,19.875,109.525,North,0.9398499
HNU129,19.925,109.375,North,0.93964136
HNU130,19.925,109.425,North,0.939547
HNU131,19.925,109.475,North,0.93798053
HNU132,19.925,109.525,North,0.93753874
HNU133,19.925,109.575,North,0.93644875
HNU136,19.975,109.375,North,0.9368408
HNU137,19.975,109.425,North,0.93670756
HNU138,19.975,109.475,North,0.9354137
HNU139,19.975,109.525,North,0.935189
HNU140,19.975,109.575,North,0.9344047
HNU141,19.975,109.625,North,0.93409
HNU142,19.975,109.675,North,0.9332902
HNU143,19.975,109.725,North,0.9340026
HNU144,19.975,109.975,North,0.93251824
HNU149,20.025,109.525,North,0.9343947
HNU150,20.025,109.575,North,0.93364
HNU151,20.025,109.625,North,0.93351847
HNU152,20.025,109.675,North,0.93285084
HNU153,20.025,109.725,North,0.9329704
HNU154,20.025,110.875,East,0.92475694
HNU155,20.025,110.925,East,0.9223024
HNU159,20.075,109.575,North,0.9320698
HNU160,20.075,109.625,North,0.9320846
HNU161,20.075,109.675,North,0.9315324
HNU162,20.075,110.225,North,0.93465674
HNU163,20.075,110.475,North,0.93242526
