pixel_id,coraltemp_lat,coraltemp_lon,ostia_lat,ostia_lon,mapping_distance_km,sector
HNU001,18.125,109.425,18.125,109.42500305175781,0.0004253912737370898,South
HNU002,18.125,109.475,18.125,109.4749984741211,0.0002606801033219218,South
HNU003,18.125,109.525,18.125,109.5250015258789,0.00018048762594184519,South
HNU004,18.125,109.625,18.125,109.625,7.060387883776581e-05,South
HNU005,18.175,109.325,18.174999237060547,109.32499694824219,0.00015938363071882114,South
HNU006,18.175,109.375,18.174999237060547,109.375,0.0002319148023620701,South
HNU007,18.175,109.425,18.174999237060547,109.42500305175781,0.0004327982115375,South
HNU008,18.175,109.475,18.174999237060547,109.4749984741211,0.00027271837155633656,South
HNU009,18.175,109.525,18.174999237060547,109.5250015258789,0.0001975277533653791,South
HNU010,18.175,109.575,18.174999237060547,109.57499694824219,8.475467405575499e-05,South
HNU011,18.175,109.625,18.174999237060547,109.625,0.00010696784492428789,South
HNU012,18.175,109.675,18.174999237060547,109.67500305175781,0.00016941604397974905,South
HNU013,18.175,109.725,18.174999237060547,109.7249984741211,0.00041763739156533766,South
HNU014,18.225,109.225,18.225000381469727,109.2249984741211,0.00011243522682633539,South
HNU015,18.225,109.275,18.225000381469727,109.2750015258789,3.7584535651292796e-05,South
HNU016,18.225,109.325,18.225000381469727,109.32499694824219,0.00013767096858040035,South
HNU017,18.225,109.375,18.225000381469727,109.375,0.00021752780841118009,South
HNU018,18.225,109.425,18.225000381469727,109.42500305175781,0.00042517238811315015,South
HNU019,18.225,109.475,18.225000381469727,109.4749984741211,0.00026057123669016337,South
HNU020,18.225,109.775,18.225000381469727,109.7750015258789,0.0003293009447142629,South
HNU021,18.275,109.225,18.274999618530273,109.2249984741211,0.00011602135576608656,South
HNU022,18.275,109.275,18.274999618530273,109.2750015258789,4.731102172666624e-05,South
HNU023,18.275,109.325,18.274999618530273,109.32499694824219,0.00014060205880759885,South
HNU024,18.275,109.375,18.274999618530273,109.375,0.00021935740435587929,South
HNU025,18.275,109.425,18.274999618530273,109.42500305175781,0.00042602124386957526,South
HNU026,18.275,109.475,18.274999618530273,109.4749984741211,0.0002620779513568795,South
HNU027,18.275,109.725,18.274999618530273,109.7249984741211,0.00041062831101798064,South
HNU028,18.275,109.775,18.274999618530273,109.7750015258789,0.00033045917984708944,South
HNU029,18.275,109.825,18.274999618530273,109.82499694824219,0.00016756515754483295,South
HNU030,18.325,108.975,18.325000762939453,108.9749984741211,8.03830605180304e-05,South
HNU031,18.325,109.775,18.325000762939453,109.7750015258789,0.0003356478417119983,South
HNU032,18.325,109.825,18.325000762939453,109.82499694824219,0.00017771071711119592,South
HNU033,18.325,109.975,18.325000762939453,109.9749984741211,0.00017708015145397613,South
HNU034,18.375,108.875,18.375,108.875,0.00020605485098208778,West
HNU035,18.375,109.775,18.375,109.7750015258789,0.0003283135870665947,South
HNU036,18.375,109.825,18.375,109.82499694824219,0.00016357982158723101,South
HNU037,18.375,109.975,18.375,109.9749984741211,0.00016289496174755322,South
HNU038,18.425,110.075,18.424999237060547,110.07499694824219,0.0003168062797729274,South
HNU039,18.575,110.175,18.575000762939453,110.17500305175781,0.0001749386452349739,South
HNU040,18.575,110.475,18.575000762939453,110.4749984741211,0.0001617633655037187,East
HNU041,18.625,110.425,18.625,110.42500305175781,0.0003035472704568468,East
HNU042,18.625,110.475,18.625,110.4749984741211,0.00014230572603290224,East
HNU043,18.625,110.525,18.625,110.5250015258789,6.957361367129911e-05,East
HNU044,18.675,110.425,18.674999237060547,110.42500305175781,0.0003011512121892104,East
HNU045,18.675,110.475,18.674999237060547,110.4749984741211,0.00013727476872817617,East
HNU046,18.675,110.525,18.674999237060547,110.5250015258789,5.8677126934345814e-05,East
HNU047,18.675,110.575,18.674999237060547,110.57499694824219,0.00011059035698423378,East
HNU048,18.725,110.475,18.725000381469727,110.4749984741211,0.00016969507626821015,East
HNU049,18.725,110.525,18.725000381469727,110.5250015258789,0.00011577632700349844,East
HNU050,18.825,108.575,18.825000762939453,108.57499694824219,0.00014726985837727326,West
HNU051,18.875,110.525,18.875,110.5250015258789,9.269880261258756e-05,East
HNU052,18.925,110.575,18.924999237060547,110.57499694824219,0.00010967684234115661,East
HNU053,19.175,110.625,19.174999237060547,110.625,0.0001943503486602574,East
HNU054,19.225,110.625,19.225000381469727,110.625,0.00019229398448887195,East
HNU055,19.225,110.675,19.225000381469727,110.67500305175781,0.0004497502457308857,East
HNU056,19.225,110.725,19.225000381469727,110.7249984741211,0.00028657272895127436,East
HNU057,19.275,110.675,19.274999618530273,110.67500305175781,0.00045855445431494923,East
HNU058,19.275,110.725,19.274999618530273,110.7249984741211,0.00030032321698122603,East
HNU059,19.325,108.625,19.325000762939453,108.625,5.694278924674268e-05,West
HNU060,19.325,110.675,19.325000762939453,110.67500305175781,0.0004480812393502962,East
HNU061,19.325,110.725,19.325000762939453,110.7249984741211,0.00028420419140839237,East
HNU062,19.325,110.775,19.325000762939453,110.7750015258789,0.00020419217565286195,East
HNU063,19.325,110.825,19.325000762939453,110.82499694824219,4.1195403294838756e-05,East
HNU064,19.375,108.725,19.375,108.7249984741211,0.00019460971209529055,West
HNU065,19.375,108.775,19.375,108.7750015258789,0.00027268895565824496,West
HNU066,19.375,108.825,19.375,108.82499694824219,0.0002891678008626772,West
HNU067,19.375,110.675,19.375,110.67500305175781,0.0004507101336303238,East
HNU068,19.375,110.725,19.375,110.7249984741211,0.000288458626273392,East
HNU069,19.375,110.775,19.375,110.7750015258789,0.0002101303043690629,East
HNU070,19.375,110.825,19.375,110.82499694824219,6.466736897324619e-05,East
HNU071,19.425,108.725,19.424999237060547,108.7249984741211,0.000218349242210302,West
HNU072,19.425,108.775,19.424999237060547,108.7750015258789,0.0002900694743266243,West
HNU073,19.425,108.825,19.424999237060547,108.82499694824219,0.0003056032749175776,West
HNU074,19.425,108.875,19.424999237060547,108.875,0.00023291296968612723,West
HNU075,19.425,110.775,19.424999237060547,110.7750015258789,0.00023228072809518673,East
HNU076,19.425,110.825,19.424999237060547,110.82499694824219,0.00011834703544851614,East
HNU077,19.425,110.875,19.424999237060547,110.875,0.000118360046622307,East
HNU078,19.475,108.725,19.475000381469727,108.7249984741211,0.00018779459553645584,West
HNU079,19.475,108.775,19.475000381469727,108.7750015258789,0.000267783964036765,West
HNU080,19.475,108.825,19.475000381469727,108.82499694824219,0.0002845269967251483,West
HNU081,19.475,108.875,19.475000381469727,108.875,0.00020453562193557034,West
HNU082,19.475,108.925,19.475000381469727,108.92500305175781,0.0001245606365028991,West
HNU083,19.475,110.775,19.475000381469727,110.7750015258789,0.0002038158164975346,East
HNU084,19.475,110.825,19.475000381469727,110.82499694824219,4.0214241158826996e-05,East
HNU085,19.475,110.875,19.475000381469727,110.875,4.025249223755447e-05,East
HNU086,19.525,108.825,19.524999618530273,108.82499694824219,0.0002917142646951056,West
HNU087,19.525,108.875,19.524999618530273,108.875,0.00021447748490136727,West
HNU088,19.525,108.925,19.524999618530273,108.92500305175781,0.00014034737036527396,West
HNU089,19.525,108.975,19.524999618530273,108.9749984741211,7.585384581119029e-05,West
HNU090,19.575,108.925,19.575000762939453,108.92500305175781,0.00013136835796589023,West
HNU091,19.575,108.975,19.575000762939453,108.9749984741211,5.764292569310446e-05,West
HNU092,19.575,109.025,19.575000762939453,109.0250015258789,0.00012647611979393206,West
HNU093,19.575,109.075,19.575000762939453,109.07499694824219,0.0004347225035509947,West
HNU094,19.575,109.125,19.575000762939453,109.125,0.00035523006863523747,West
HNU095,19.575,110.925,19.575000762939453,110.92500305175781,0.00012715465417278347,East
HNU096,19.575,110.975,19.575000762939453,110.9749984741211,0.0004340063841683858,East
HNU097,19.575,111.025,19.575000762939453,111.0250015258789,0.0003545156501935961,East
HNU098,19.625,108.925,19.625,108.92500305175781,0.0001257223436790627,West
HNU099,19.625,108.975,19.625,108.9749984741211,4.335696507051352e-05,West
HNU100,19.625,109.025,19.625,109.0250015258789,0.0001206045388535544,West
HNU101,19.625,109.075,19.625,109.07499694824219,0.0004329265869429025,West
HNU102,19.625,109.125,19.625,109.125,0.00035308524303016343,West
HNU103,19.625,109.175,19.625,109.17500305175781,0.0002732956107257766,West
HNU104,19.625,110.975,19.625,110.9749984741211,0.0004322079390590959,East
HNU105,19.625,111.025,19.625,111.0250015258789,0.0003523669230104811,East
HNU106,19.625,111.075,19.625,111.07499694824219,0.00018914745178865393,East
HNU107,19.675,108.975,19.674999237060547,108.9749984741211,8.818328001807588e-05,West
HNU108,19.675,109.025,19.674999237060547,109.0250015258789,0.0001429476436061805,West
HNU109,19.675,109.075,19.674999237060547,109.07499694824219,0.00043955238928076274,West
HNU110,19.675,109.125,19.674999237060547,109.125,0.00036123283069762686,West
HNU111,19.675,109.175,19.674999237060547,109.17500305175781,0.0002837985125106565,North
HNU112,19.675,110.975,19.674999237060547,110.9749984741211,0.0004388450331833575,East
HNU113,19.675,111.025,19.674999237060547,111.0250015258789,0.0003605311820761238,East
HNU114,19.675,111.075,19.674999237060547,111.07499694824219,0.00020408847556731424,East
HNU115,19.725,109.025,19.725000381469727,109.0250015258789,0.00012239218565481078,West
HNU116,19.725,109.075,19.725000381469727,109.07499694824219,0.0004331791526347477,West
HNU117,19.725,109.125,19.725000381469727,109.125,0.0003535056111610798,North
HNU118,19.725,109.175,19.725000381469727,109.17500305175781,0.0002739522961989053,North
HNU119,19.725,110.975,19.725000381469727,110.9749984741211,0.0004324618210884195,East
HNU120,19.725,111.025,19.725000381469727,111.0250015258789,0.00035278904290915057,East
HNU121,19.775,109.075,19.774999618530273,109.07499694824219,0.00043334862061111205,North
HNU122,19.775,109.125,19.774999618530273,109.125,0.0003537687493155735,North
HNU123,19.825,109.475,19.825000762939453,109.4749984741211,0.0002676348565385678,North
HNU124,19.825,109.525,19.825000762939453,109.5250015258789,0.00019226201075819827,North
HNU125,19.875,109.375,19.875,109.375,0.0002145772909322462,North
HNU126,19.875,109.425,19.875,109.42500305175781,0.0004205573870675918,North
HNU127,19.875,109.475,19.875,109.4749984741211,0.00025732697213643195,North
HNU128,19.875,109.525,19.875,109.5250015258789,0.00017769431612457928,North
HNU129,19.925,109.375,19.924999237060547,109.375,0.00021905289959197477,North
HNU130,19.925,109.425,19.924999237060547,109.42500305175781,0.0004227607479686834,North
HNU131,19.925,109.475,19.924999237060547,109.4749984741211,0.00026104633409360957,North
HNU132,19.925,109.525,19.924999237060547,109.5250015258789,0.00018309878924337964,North
HNU133,19.925,109.575,19.924999237060547,109.57499694824219,4.853675941379252e-05,North
HNU136,19.975,109.375,19.975000381469727,109.375,0.0002223789149661704,North
HNU137,19.975,109.425,19.975000381469727,109.42500305175781,0.00042439610207775386,North
HNU138,19.975,109.475,19.975000381469727,109.4749984741211,0.00026381930991857007,North
HNU139,19.975,109.525,19.975000381469727,109.5250015258789,0.00018708964011115805,North
HNU140,19.975,109.575,19.975000381469727,109.57499694824219,6.207193705660765e-05,North
HNU141,19.975,109.625,19.975000381469727,109.625,8.955529428184072e-05,North
HNU142,19.975,109.675,19.975000381469727,109.67500305175781,0.00015782534656362082,North
HNU143,19.975,109.725,19.975000381469727,109.7249984741211,0.00040926261066022266,North
HNU144,19.975,109.975,19.975000381469727,109.9749984741211,0.00017205142590439855,North
HNU149,20.025,109.525,20.024999618530273,109.5250015258789,0.00017697123597793505,North
HNU150,20.025,109.575,20.024999618530273,109.57499694824219,1.3747386848529399e-05,North
HNU151,20.025,109.625,20.024999618530273,109.625,6.598158663235526e-05,North
HNU152,20.025,109.675,20.024999618530273,109.67500305175781,0.00014571044764350108,North
HNU153,20.025,109.725,20.024999618530273,109.7249984741211,0.00040463321002519954,North
HNU154,20.025,110.875,20.024999618530273,110.875,3.9883634613825456e-05,East
HNU155,20.025,110.925,20.024999618530273,110.92500305175781,0.00011961248578014666,East
HNU159,20.075,109.575,20.075000762939453,109.57499694824219,8.397529109318864e-05,North
HNU160,20.075,109.625,20.075000762939453,109.625,0.00010589512073208556,North
HNU161,20.075,109.675,20.075000762939453,109.67500305175781,0.00016757384433051963,North
HNU162,20.075,110.225,20.075000762939453,110.2249984741211,8.386685516407836e-05,North
HNU163,20.075,110.475,20.075000762939453,110.4749984741211,0.00015824018155744898,North
