fold,seed,train,internal_val,OOF,q_D1,q_D30,w_D1,w_D30,OOF_RMSE
F1,42,2000-2004,2005,2006-2008,0.9647759564931714,0.3410312304232773,0.9894151869782372,0.7267033593358008,0.7617931681495683
F1,43,2000-2004,2005,2006-2008,0.9711137573397062,0.415052657319264,0.9871672443426032,0.7549154232902908,0.7622892286556628
F1,44,2000-2004,2005,2006-2008,0.9415363287850274,0.6143160689617164,0.9938895441488507,0.833878331303885,0.7607500994389129
F2,42,2000-2007,2008,2009-2011,0.9038954768110524,0.44002292491500467,0.8727681654666197,0.016864245067223272,0.7896117797831044
F2,43,2000-2007,2008,2009-2011,0.991960316294416,0.7984453395487717,0.9519471507080199,0.459961585811416,0.764862962701429
F2,44,2000-2007,2008,2009-2011,0.8570789493271831,0.49506703462581964,0.8980349619708794,0.33194719059386446,0.775960631937878
F3,42,2000-2010,2011,2012-2014,0.987598530968393,0.6877222220093899,0.9474654627231541,0.4525847923485847,0.7377427887153647
F3,43,2000-2010,2011,2012-2014,0.9858648884514464,0.6524120669823069,0.9558290601648074,0.4742596615204298,0.7401303092927358
F3,44,2000-2010,2011,2012-2014,0.9903147509448442,0.7467881881487712,0.943158530299613,0.47011602361915383,0.7401032160772065
F4,42,2000-2013,2014,2015-2017,0.968186473301287,0.4744895620211826,0.8870818578246378,0.5423334056675485,0.8045533775982655
F4,43,2000-2013,2014,2015-2017,0.9463865372151334,0.5550581870395693,0.8907769002673046,0.5058255314219803,0.8054360988163186
F4,44,2000-2013,2014,2015-2017,0.8761063625152408,0.5189960605521596,0.8634492801762272,0.5543964365639162,0.8057037413753394
