Split,Model,RMSE_mean,RMSE_SD,MAE_mean,MAE_SD,D1_7_mean,D8_14_mean,D15_30_mean
Dev,iT90,0.7890039621761181,0.11634663656169203,0.6119319921781651,0.08344675401894287,0.6023364865172409,0.7941057148433494,0.8558208932617967
Dev,iT365,0.796296389591361,0.12445781686966406,0.6230408170625371,0.09278149097453589,0.6655323949716797,0.7960803812395397,0.8472216945523953
Dev,DAP,0.8301910737418731,0.10069112800301094,0.6422611573882041,0.06832244714078821,0.568796072455675,0.8162072757367981,0.926890856063559
Dev,Dual Context,0.7755487510490472,0.11763046260422887,0.6021577979088512,0.0853358732898161,0.5985853113637413,0.7812060633548118,0.839012045507904
Dev,ReefFormer,0.7584957755681999,0.1155667652318262,0.5847935648146543,0.08157374736101601,0.5595512398364898,0.7676598579163728,0.8269660528030469
Test2026,iT90,0.9498949892558244,0.17174969684543184,0.7417132544661782,0.1328070756239814,0.6502550718190998,0.9160123102722254,1.0656801704222045
Test2026,iT365,0.9919283633779377,0.2130652375347786,0.7593628751125573,0.14278294424673305,0.7951334532598625,0.9668949046157854,1.0762618507047772
Test2026,DAP,0.9958338536245787,0.2496772460249592,0.7625293123030619,0.16323531444354733,0.6193422241185716,0.9525019485983476,1.1354878020123669
Test2026,Dual Context,0.9420646170357513,0.17375594093505262,0.7187837806230394,0.11618819124289687,0.6552513340436983,0.9159189241844757,1.051780480618816
Test2026,ReefFormer,0.9327640557848883,0.18643843856425116,0.7058314185701056,0.11926030443368403,0.611798320713632,0.9079692556432727,1.0507308775848083
