target_sector,Split,Model,RMSE_mean,RMSE_SD,MAE_mean,D1_7_mean,D8_14_mean,D15_30_mean
West,Dev,iT90,0.9506363178706673,0.0033976809085040213,0.7269941061655886,0.7261977525349813,0.9704914645814661,1.025485714464267
West,Dev,iT365,0.9572699024524972,0.007265972705148281,0.7431699838303275,0.8004268116765306,0.9599291489290697,1.017202439636749
West,Dev,DAP,0.9556752411678774,0.0,0.7258918269999391,0.6700713082094544,0.9540391562929423,1.0572709890520808
West,Dev,Dual Context,0.9333283866181742,0.005975838126029621,0.7169493543203327,0.7216103397814023,0.9475690856054388,1.006297076446342
West,Dev,ReefFormer,0.913866152330992,0.0031431742505075824,0.6957394830746623,0.6698615228393656,0.9305388604557848,0.9953698450669037
West,Test2026,iT90,1.0861040487984754,0.007076681399151641,0.8321983853641294,0.711410294358705,1.0154082951362124,1.2406668565695063
West,Test2026,iT365,1.1177216623590533,0.007661969238711788,0.8498862405408841,0.8804425104620885,1.070596944816243,1.2253352105454602
West,Test2026,DAP,1.0972076139976323,0.0,0.8300502339971415,0.6682043832827352,1.0254705813833496,1.2656353979470292
West,Test2026,Dual Context,1.0620444898686543,0.004263707375031414,0.8008505262031913,0.7170827900369,1.008554027847694,1.2019905169874743
West,Test2026,ReefFormer,1.0503444984640695,0.0051676342010934335,0.7905566723335163,0.6640414942421394,0.994475599079467,1.2012113806575098
North,Dev,iT90,0.7935575541188195,0.004469731060677429,0.611304110045641,0.6240434399154254,0.8015246598642345,0.8539780961927311
North,Dev,iT365,0.8261803441898751,0.0010409486461864495,0.6392320498457801,0.7024770822920287,0.8177581277200483,0.8782458875858811
North,Dev,DAP,0.8623626360835166,0.0,0.6601964772992103,0.6015218254925239,0.843292873250844,0.9617458034432326
North,Dev,Dual Context,0.7944440466267307,0.004030271075726407,0.6101017103571788,0.6220277219430587,0.7941452384930524,0.8591677719899017
North,Dev,ReefFormer,0.7784137092679259,0.002072476044569379,0.5924073878402877,0.5884982835713406,0.7837407487749575,0.8460822881875494
North,Test2026,iT90,1.1236039861373055,0.013358484047512954,0.8854234805951666,0.6826809905099372,1.028586609201217,1.3039238949198584
North,Test2026,iT365,1.249402809703569,0.029892278750934344,0.9246847647023889,0.9961977743098349,1.2029511721349169,1.3632680126545942
North,Test2026,DAP,1.3345626942939368,0.0,0.9828713848231875,0.7038749652323287,1.2049328144034515,1.5771930401167513
North,Test2026,Dual Context,1.1331026901413097,0.008557477992438485,0.8400221324160121,0.7041447017533439,1.0624696812840986,1.3024073050416802
North,Test2026,ReefFormer,1.1513705537868686,0.008050402413456935,0.8347884254195731,0.6716014499956868,1.0803443435300384,1.3332568174202641
East,Dev,iT90,0.7753135061811173,0.005387364061822189,0.608049292807752,0.5761532092766307,0.7680372553681335,0.850725679491458
East,Dev,iT365,0.7769545691358889,0.014736638583392792,0.61584201949441,0.6455884720520877,0.7818745993445034,0.8258378473694998
East,Dev,DAP,0.8144753907996153,0.0,0.6396562272667907,0.5487269732047819,0.7987176718146806,0.9126796533356046
East,Dev,Dual Context,0.7571635165528304,0.008663575142408607,0.5948658218920931,0.5739928931194144,0.7613461545016817,0.8229103838229097
East,Dev,ReefFormer,0.7381072776933962,0.004737724178523127,0.5754470381633016,0.536142230277212,0.7449361864131568,0.8080604942465639
East,Test2026,iT90,0.8696262226106146,0.010329694107683033,0.6878682780272881,0.6850427430821592,0.8906336893380775,0.9303563359616911
East,Test2026,iT365,0.8693075789940551,0.03287681235030025,0.6839393756024398,0.7087021589233343,0.851185723364682,0.9379164418229418
East,Test2026,DAP,0.8337321712529636,0.0,0.6583400684719618,0.6100123128126822,0.8535419114554731,0.9065297253367666
East,Test2026,Dual Context,0.861711147743105,0.010709089784896571,0.6775001118579546,0.6747782066836013,0.8672380197521306,0.9294141811576454
East,Test2026,ReefFormer,0.8325701562950144,0.007930059919252464,0.6512089212765866,0.6168892607359825,0.8455170898147318,0.9057467565462057
South,Dev,iT90,0.6365084705338685,0.0028873772852629695,0.501380459693679,0.48295154434192616,0.6363694795595628,0.6930940828987305
South,Dev,iT365,0.6247807425871831,0.005167192949873288,0.49391921507963105,0.5136372138660718,0.6247596489645372,0.6676006036174509
South,Dev,DAP,0.6882510269164827,0.0,0.5433000979868762,0.45486418291593983,0.6687794015887252,0.7758669784233181
South,Dev,Dual Context,0.6172590543984541,0.0029059431168079264,0.4867143050658001,0.47671029061108944,0.6217637748190744,0.6676729497724624
South,Dev,ReefFormer,0.6035959629804859,0.00035035229469504436,0.47558035018036554,0.44370292265804084,0.6114236360215923,0.658351583711171
South,Test2026,iT90,0.7202456994769021,0.006256826595871365,0.5613628738781286,0.5218862593255976,0.7294206474133945,0.7877735942377625
South,Test2026,iT365,0.731281402455073,0.0038244854619077367,0.5789411196045161,0.5951913693441925,0.7428457781473004,0.778527737796113
South,Test2026,DAP,0.7178329349537816,0.0,0.5788555619199568,0.49527723514654065,0.726062487151116,0.792593044648921
South,Test2026,Dual Context,0.7114001403899365,0.0038548943233428774,0.5567623520149998,0.5249996377009477,0.72541396785398,0.7733099192884646
South,Test2026,ReefFormer,0.6967710145936001,0.0018605384724598118,0.5467716552507463,0.4946610778807195,0.7115399901488534,0.7627085557152533
