split,event,Contrast,Delta_PSS,CI95_low,CI95_high
Dev,HotSpot>=1,ReefFormer - Persistence,-0.16362734605264165,-0.20507881139458137,-0.11555838043528663
Dev,HotSpot>=1,ReefFormer - DAP,0.07301524293416782,0.028186134423373737,0.11075896142461446
Dev,HotSpot>=1,ReefFormer - DLinear,0.058574687962030324,0.018363544220451538,0.09127803434476975
Dev,HotSpot>=1,ReefFormer - PatchTST,-0.06181559881919774,-0.10539609312176211,-0.02468823342059517
Dev,HotSpot>=1,ReefFormer - iTransformer,-0.06420037777377009,-0.10170225589069365,-0.023137823425030537
Dev,HotSpot>=1,ReefFormer - Dual Context,-0.07937671502472272,-0.10875582380947732,-0.041730308629396105
Dev,HotSpot>=1,ReefFormer - DAP Smooth,0.02087252604366459,0.006405660342305284,0.035682483920331264
Dev,Upper decile,ReefFormer - Persistence,-0.08490391408556501,-0.11839364836151937,-0.0402625929356771
Dev,Upper decile,ReefFormer - DAP,0.0604989498681316,0.012077263390949701,0.11846925787468601
Dev,Upper decile,ReefFormer - DLinear,0.03466331578098561,0.002171210966191035,0.07512293374746506
Dev,Upper decile,ReefFormer - PatchTST,-0.03793607968454771,-0.06496371195911421,-0.008548737510865202
Dev,Upper decile,ReefFormer - iTransformer,-0.008895315594896758,-0.04442621954739055,0.024330627256586725
Dev,Upper decile,ReefFormer - Dual Context,-0.03630449469878785,-0.07066211791052211,-0.003955316660550571
Dev,Upper decile,ReefFormer - DAP Smooth,0.02528625632961205,0.009790097779934318,0.03995155824071953
Test2026,HotSpot>=1,ReefFormer - Persistence,-0.20747905009055853,-0.30241058746135185,0.0037721645771358636
Test2026,HotSpot>=1,ReefFormer - DAP,0.02534575150302214,0.0,0.052576168412004874
Test2026,HotSpot>=1,ReefFormer - DLinear,0.014771013935926232,-0.0011268775396229725,0.03298231366554755
Test2026,HotSpot>=1,ReefFormer - PatchTST,-0.07912145502172221,-0.1549815773899995,0.0
Test2026,HotSpot>=1,ReefFormer - iTransformer,0.03868325752264804,0.0,0.06631457877427573
Test2026,HotSpot>=1,ReefFormer - Dual Context,-0.08439996836261483,-0.15898074045016627,0.0
Test2026,HotSpot>=1,ReefFormer - DAP Smooth,0.029982761493172593,0.0,0.05795445472015739
Test2026,Upper decile,ReefFormer - Persistence,-0.08582074612368994,-0.12932352191549565,0.07157381707497315
Test2026,Upper decile,ReefFormer - DAP,0.048561994361531156,0.0008699547349122382,0.11582248755614644
Test2026,Upper decile,ReefFormer - DLinear,0.004816176535926485,-0.022269985622051288,0.06322401210058078
Test2026,Upper decile,ReefFormer - PatchTST,0.02677858274549938,0.01708281338964882,0.07109613154843959
Test2026,Upper decile,ReefFormer - iTransformer,0.07213516180715995,0.04519121262771434,0.12235906678084661
Test2026,Upper decile,ReefFormer - Dual Context,-0.018609544509288294,-0.040932463661973305,0.015537741031470985
Test2026,Upper decile,ReefFormer - DAP Smooth,0.05213380120695218,0.024347482879266195,0.09015692999417435
